$id,poi_gage_segment
1,43
2,48
3,80
4,95
5,68
6,96
7,99
8,98
9,538
10,332
11,333
12,320
13,340
14,335
15,351
16,331
17,347
18,182
19,191
20,208
21,257
22,15
23,238
24,244
25,241
26,237
27,235
28,222
29,274
30,305
31,283
32,371
33,555
34,118
35,129
36,137
37,133
38,376
39,374
40,380
41,399
42,408
43,401
44,430
45,428
46,1392
47,1398
48,1400
49,902
50,873
51,875
52,871
53,884
54,881
55,897
56,898
57,906
58,915
59,925
60,1258
61,1254
62,1278
63,1271
64,1273
65,1260
66,1265
67,1268
68,565
69,573
70,566
71,567
72,568
73,570
74,598
75,596
76,572
77,928
78,946
79,934
80,938
81,953
82,941
83,945
84,971
85,983
86,1048
87,1047
88,1034
89,1032
90,1029
91,1044
92,1046
93,1038
94,1028
95,1050
96,974
97,975
98,973
99,980
100,978
101,977
102,1010
103,979
104,996
105,997
106,1004
107,652
108,655
109,660
110,661
111,653
112,649
113,1001
114,1059
115,1051
116,1061
117,1062
118,1052
119,1024
120,998
121,1002
122,605
123,601
124,607
125,600
126,619
127,620
128,629
129,628
130,623
131,622
132,611
133,614
134,636
135,625
136,627
137,624
138,615
139,608
140,638
141,1425
142,640
143,642
144,643
145,746
146,753
147,748
148,775
149,776
150,765
151,766
152,735
153,724
154,723
155,736
156,727
157,737
158,742
159,745
160,738
161,741
162,760
163,1429
164,763
165,764
166,767
167,774
168,772
169,778
170,777
171,779
172,1430
173,797
174,805
175,808
176,809
177,795
178,796
179,798
180,804
181,839
182,841
183,842
184,835
185,840
186,846
187,849
188,843
189,853
190,819
191,820
192,817
193,823
194,814
195,815
196,816
197,821
198,825
199,832
200,833
201,831
202,858
203,488
204,490
205,491
206,496
207,465
208,466
209,468
210,470
211,469
212,472
213,505
214,504
215,481
216,482
217,484
218,1295
219,665
220,674
221,1298
222,1297
223,678
224,679
225,1312
226,681
227,1352
228,1353
229,1357
230,1330
231,1318
232,1359
233,1356
234,1360
235,1334
236,1063
237,1064
238,1065
239,1071
240,1072
241,1073
242,1346
243,1347
244,1337
245,1345
246,1349
247,1338
248,1342
249,1344
250,1366
251,1368
252,1367
253,1375
254,1365
255,1078
256,1082
257,1083
258,1109
259,1110
260,1105
261,1108
262,1114
263,1098
264,1102
265,1111
266,1112
267,1103
268,1107
269,1126
270,691
271,684
272,692
273,687
274,694
275,1129
276,1130
277,1137
278,701
279,720
280,719
281,698
282,697
283,704
284,703
285,712
286,706
287,702
288,707
289,1138
290,1133
291,1132
292,1136
293,1135
294,1150
295,1151
296,864
297,866
298,861
299,862
300,863
301,1159
302,1170
303,1162
304,1165
305,1171
306,1172
307,1173
308,1177
309,1185
310,1199
311,1205
312,1196
313,1208
314,1188
315,1190
316,1204
317,1221
318,1195
319,1194
320,1184
321,1210
322,1237
323,1233
324,1238
325,1230
326,1231
327,1234
328,1434
329,517
330,516
331,2589
332,2588
333,2590
334,2593
335,2592
336,3611
337,3609
338,3610
339,3612
340,3578
341,3575
342,3576
343,3584
344,3583
345,3585
346,3586
347,3587
348,3588
349,3589
350,3590
351,3591
352,3592
353,3593
354,3594
355,3595
356,3581
357,4058
358,4057
359,4055
360,4076
361,4029
362,4042
363,4028
364,3999
365,3990
366,3993
367,3992
368,3995
369,3998
370,4019
371,4013
372,4018
373,4011
374,4016
375,4010
376,4006
377,4014
378,4148
379,4136
380,4137
381,4138
382,4139
383,4165
384,4166
385,1625
386,1621
387,1626
388,1619
389,1627
390,1618
391,1623
392,1617
393,1616
394,1615
395,1622
396,1614
397,1608
398,1610
399,4161
400,4177
401,2453
402,2452
403,2451
404,2474
405,2476
406,2475
407,2478
408,2480
409,2481
410,2485
411,2489
412,2491
413,2496
414,2492
415,2495
416,2520
417,2514
418,2519
419,2518
420,2516
421,2504
422,2526
423,2523
424,2540
425,2541
426,2543
427,2535
428,2538
429,2536
430,2542
431,2539
432,2544
433,2547
434,2550
435,2556
436,2557
437,2546
438,2548
439,2553
440,2551
441,2554
442,2586
443,2596
444,2620
445,2616
446,2625
447,2629
448,2657
449,2656
450,2654
451,2628
452,2630
453,2647
454,2648
455,2636
456,2641
457,2653
458,2639
459,2651
460,2612
461,2613
462,2608
463,2600
464,2610
465,2598
466,2601
467,2599
468,2609
469,2643
470,2627
471,2650
472,2602
473,2644
474,2642
475,2649
476,2640
477,2672
478,2671
479,2673
480,2674
481,3615
482,3645
483,3640
484,3618
485,3653
486,3648
487,3672
488,3644
489,3643
490,3642
491,3626
492,3650
493,3676
494,3663
495,3662
496,3634
497,3628
498,3617
499,3647
500,3619
501,3625
502,3664
503,3661
504,3686
505,3669
506,3674
507,2679
508,2682
509,2681
510,2680
511,3523
512,3521
513,3525
514,3533
515,3534
516,3539
517,3532
518,3538
519,3536
520,3537
521,3540
522,3515
523,3514
524,3516
525,3560
526,3570
527,3567
528,1435
529,1436
530,1442
531,1437
532,1443
533,1441
534,1440
535,1444
536,1450
537,1452
538,1455
539,1458
540,1457
541,1461
542,1462
543,1549
544,1545
545,1546
546,1547
547,1551
548,1548
549,1552
550,1554
551,1556
552,1559
553,1566
554,1558
555,1565
556,1573
557,1570
558,1578
559,1569
560,1568
561,1586
562,1588
563,1587
564,1591
565,1601
566,1595
567,1640
568,1647
569,1658
570,1636
571,1634
572,1642
573,1637
574,1638
575,1639
576,1641
577,1652
578,1653
579,1659
580,1667
581,1654
582,1671
583,1666
584,1665
585,1672
586,1676
587,1465
588,1469
589,1474
590,1468
591,1472
592,1479
593,1485
594,1683
595,1687
596,1684
597,1695
598,1689
599,1712
600,1703
601,1696
602,1697
603,1705
604,1717
605,1707
606,1701
607,1700
608,1706
609,1708
610,1718
611,1718
612,1470
613,1471
614,1480
615,1490
616,1501
617,1498
618,1492
619,1493
620,1765
621,1768
622,1769
623,1772
624,1771
625,1762
626,1777
627,1795
628,1794
629,1793
630,1792
631,1783
632,1804
633,1784
634,1800
635,2281
636,2282
637,2277
638,2311
639,2280
640,2279
641,2332
642,2334
643,2333
644,2301
645,2316
646,2291
647,2293
648,2319
649,2305
650,2289
651,2290
652,2300
653,2294
654,2303
655,2304
656,2299
657,2320
658,2298
659,2307
660,2338
661,1826
662,1782
663,1806
664,1803
665,1805
666,1798
667,1809
668,1808
669,2029
670,2036
671,2021
672,2032
673,2034
674,2033
675,2019
676,2030
677,2031
678,2010
679,2007
680,2013
681,2014
682,2017
683,2009
684,2005
685,2008
686,2012
687,2038
688,2046
689,3557
690,3559
691,2042
692,2043
693,2686
694,2692
695,2690
696,2694
697,2695
698,2978
699,2977
700,2979
701,3764
702,2966
703,2968
704,2967
705,2939
706,2960
707,2944
708,2948
709,2938
710,3468
711,3469
712,3470
713,2272
714,2261
715,2265
716,2257
717,2258
718,2259
719,2705
720,2720
721,2730
722,2732
723,2714
724,2727
725,2737
726,3492
727,3488
728,3508
729,3499
730,3493
731,3489
732,3498
733,3504
734,2757
735,2751
736,2762
737,2795
738,2796
739,2784
740,2798
741,2799
742,2787
743,2788
744,2785
745,2783
746,2774
747,2775
748,2769
749,2776
750,2770
751,2771
752,2780
753,2820
754,2814
755,2815
756,2819
757,2822
758,2824
759,2805
760,2812
761,1745
762,1740
763,1753
764,1727
765,1506
766,1507
767,1508
768,1516
769,1509
770,1510
771,1530
772,1529
773,1540
774,2060
775,2066
776,2057
777,2065
778,2061
779,2051
780,2832
781,2841
782,2844
783,2838
784,2851
785,2854
786,2857
787,2852
788,2879
789,2877
790,2880
791,2876
792,2870
793,2869
794,2863
795,2865
796,2889
797,2891
798,2895
799,2922
800,2918
801,2914
802,2903
803,2927
804,2911
805,1896
806,1888
807,1905
808,1893
809,2087
810,2079
811,2074
812,2088
813,2103
814,2115
815,2092
816,2143
817,2124
818,2125
819,2142
820,2176
821,2181
822,2156
823,2185
824,2192
825,2161
826,2148
827,2149
828,2165
829,2154
830,2155
831,2159
832,2220
833,2207
834,2232
835,2230
836,2228
837,2209
838,2219
839,2222
840,2233
841,2234
842,3815
843,3802
844,3818
845,3827
846,3792
847,3795
848,3796
849,3797
850,3793
851,3807
852,3800
853,3852
854,3803
855,3809
856,3820
857,3819
858,3831
859,3824
860,3810
861,3853
862,3833
863,3856
864,3857
865,3845
866,3839
867,3840
868,3808
869,3804
870,3817
871,3821
872,3837
873,3858
874,3860
875,3825
876,3842
877,3846
878,3847
879,3832
880,3851
881,2933
882,2934
883,3902
884,3901
885,3903
886,3905
887,3896
888,3894
889,3895
890,3899
891,3910
892,3911
893,3912
894,3968
895,3965
896,3961
897,3960
898,3964
899,3957
900,3954
901,3953
902,3940
903,3941
904,3939
905,3950
906,3948
907,3936
908,3923
909,3926
910,3929
911,3925
912,3944
913,3013
914,3009
915,3008
916,3014
917,2983
918,2992
919,3022
920,3033
921,3025
922,3032
923,2377
924,2365
925,2399
926,2374
927,2342
928,2353
929,2405
930,2404
931,2403
932,2401
933,2386
934,2383
935,2357
936,2392
937,2352
938,2389
939,2444
940,2419
941,2436
942,2426
943,2422
944,2428
945,2427
946,2423
947,2434
948,2416
949,2410
950,2413
951,3062
952,3064
953,3069
954,3068
955,3065
956,3054
957,3053
958,3067
959,2409
960,3080
961,3077
962,3075
963,1834
964,1832
965,1838
966,1837
967,1835
968,1866
969,3089
970,3108
971,3107
972,3096
973,3103
974,3109
975,3110
976,3114
977,3117
978,1840
979,1879
980,1847
981,1854
982,1859
983,1851
984,1842
985,1845
986,1846
987,1882
988,1887
989,1881
990,4093
991,4082
992,4079
993,4083
994,4081
995,4105
996,4107
997,4084
998,4086
999,4106
1000,4101
1001,4104
1002,4100
1003,4098
1004,1911
1005,1912
1006,1913
1007,1914
1008,1915
1009,1940
1010,1921
1011,1922
1012,1923
1013,1924
1014,3120
1015,3137
1016,3145
1017,3146
1018,3138
1019,3139
1020,3167
1021,3168
1022,3163
1023,3158
1024,3173
1025,3170
1026,3174
1027,3122
1028,3123
1029,3129
1030,3220
1031,3232
1032,3234
1033,3245
1034,3224
1035,3246
1036,3240
1037,3248
1038,3243
1039,3227
1040,3190
1041,3196
1042,3213
1043,3258
1044,3260
1045,3256
1046,3263
1047,3266
1048,3268
1049,3306
1050,3302
1051,3307
1052,3262
1053,3285
1054,3292
1055,3308
1056,3280
1057,3312
1058,3295
1059,3317
1060,3326
1061,3327
1062,3328
1063,3361
1064,3370
1065,3346
1066,3341
1067,3363
1068,3338
1069,3340
1070,3353
1071,3331
1072,3342
1073,3379
1074,3377
1075,3376
1076,3382
1077,3389
1078,3415
1079,3420
1080,3394
1081,3399
1082,3747
1083,3460
1084,3462
1085,3461
1086,3423
1087,3432
1088,3437
1089,3748
1090,3695
1091,3697
1092,3704
1093,3705
1094,3708
1095,3712
1096,3714
1097,3769
1098,3773
1099,3770
1100,3774
1101,3784
1102,3783
1103,3984
1104,3987
1105,3980
1106,3974
1107,3976
1108,3975
1109,1984
1110,1983
1111,1973
1112,1974
1113,1971
1114,1969
1115,1963
1116,1972
1117,1985
1118,1987
1119,1991
1120,1989
1121,7249
1122,7255
1123,5835
1124,5850
1125,5853
1126,5833
1127,5856
1128,7509
1129,7522
1130,7519
1131,5888
1132,5866
1133,5872
1134,5873
1135,5874
1136,5896
1137,7231
1138,5655
1139,5654
1140,5646
1141,5628
1142,5626
1143,5633
1144,5617
1145,5624
1146,5664
1147,5631
1148,5621
1149,5610
1150,5630
1151,5674
1152,5669
1153,5673
1154,5691
1155,5687
1156,5748
1157,5763
1158,5747
1159,5725
1160,5732
1161,5755
1162,5750
1163,5749
1164,5742
1165,5729
1166,5733
1167,5731
1168,5794
1169,5796
1170,5802
1171,5818
1172,5813
1173,5808
1174,5774
1175,5778
1176,5772
1177,7663
1178,7197
1179,7194
1180,5916
1181,5913
1182,5927
1183,5929
1184,5920
1185,5900
1186,7282
1187,7274
1188,4997
1189,4992
1190,5002
1191,4995
1192,4456
1193,5971
1194,5965
1195,5941
1196,5940
1197,5943
1198,5950
1199,5963
1200,5938
1201,5942
1202,5946
1203,5948
1204,5960
1205,5966
1206,5973
1207,5975
1208,5976
1209,5979
1210,5978
1211,5982
1212,5985
1213,6002
1214,5995
1215,6001
1216,5989
1217,6004
1218,6003
1219,6005
1220,7468
1221,7458
1222,7470
1223,7495
1224,7497
1225,7503
1226,7491
1227,7464
1228,7456
1229,7357
1230,7287
1231,6158
1232,6163
1233,6183
1234,6162
1235,6172
1236,6175
1237,6177
1238,6186
1239,6170
1240,6169
1241,6184
1242,6166
1243,6185
1244,6187
1245,6208
1246,6221
1247,6228
1248,6197
1249,6198
1250,6211
1251,6216
1252,6202
1253,6224
1254,6111
1255,6112
1256,6138
1257,6157
1258,6117
1259,6139
1260,6145
1261,6072
1262,6087
1263,6101
1264,6082
1265,6081
1266,6110
1267,6045
1268,6057
1269,6055
1270,6031
1271,6036
1272,6034
1273,6041
1274,7304
1275,7319
1276,6241
1277,6260
1278,6268
1279,6623
1280,6609
1281,6601
1282,6602
1283,6607
1284,6586
1285,6576
1286,6566
1287,6560
1288,6567
1289,6588
1290,6570
1291,6575
1292,6619
1293,6532
1294,6537
1295,6528
1296,6547
1297,6548
1298,6507
1299,6520
1300,6519
1301,6437
1302,6464
1303,6441
1304,6435
1305,6443
1306,6450
1307,6459
1308,6458
1309,6454
1310,6465
1311,6469
1312,6484
1313,6476
1314,6392
1315,6396
1316,6404
1317,6425
1318,6410
1319,6417
1320,6420
1321,6361
1322,6363
1323,6369
1324,6381
1325,6311
1326,6325
1327,6336
1328,6347
1329,6345
1330,6339
1331,6354
1332,6321
1333,6283
1334,6285
1335,6932
1336,6931
1337,6910
1338,6911
1339,6892
1340,6909
1341,6880
1342,6934
1343,6946
1344,6938
1345,6935
1346,6939
1347,6937
1348,6857
1349,6862
1350,6870
1351,6871
1352,6873
1353,6827
1354,6782
1355,6800
1356,6784
1357,6801
1358,6785
1359,6789
1360,6791
1361,6803
1362,6783
1363,6802
1364,6804
1365,6805
1366,6788
1367,6792
1368,6786
1369,6787
1370,6808
1371,6806
1372,6797
1373,6790
1374,6811
1375,6832
1376,6833
1377,6815
1378,6853
1379,6825
1380,6772
1381,6780
1382,7638
1383,7614
1384,7617
1385,7626
1386,7611
1387,7613
1388,7630
1389,7631
1390,7632
1391,7625
1392,7624
1393,7646
1394,7620
1395,7621
1396,7649
1397,7648
1398,6729
1399,6722
1400,6708
1401,6720
1402,6724
1403,6712
1404,6718
1405,6716
1406,6705
1407,6706
1408,6704
1409,6698
1410,6697
1411,6739
1412,6740
1413,6733
1414,6731
1415,6966
1416,6977
1417,6983
1418,6985
1419,7023
1420,6982
1421,6980
1422,7018
1423,6984
1424,6992
1425,7003
1426,7002
1427,6990
1428,6994
1429,7008
1430,7011
1431,6691
1432,6696
1433,6671
1434,6662
1435,6653
1436,6657
1437,7334
1438,7344
1439,7342
1440,7345
1441,7330
1442,6637
1443,6625
1444,6635
1445,9208
1446,9188
1447,5139
1448,5130
1449,5138
1450,5135
1451,7588
1452,7593
1453,7554
1454,7538
1455,7543
1456,7544
1457,7561
1458,5164
1459,5175
1460,5184
1461,7551
1462,5188
1463,5191
1464,7531
1465,9764
1466,9765
1467,9766
1468,9741
1469,9734
1470,9745
1471,9759
1472,9736
1473,9735
1474,9737
1475,9742
1476,9743
1477,9744
1478,9768
1479,7123
1480,7127
1481,7122
1482,7135
1483,7131
1484,9171
1485,9176
1486,7107
1487,7120
1488,7074
1489,7082
1490,7083
1491,7045
1492,5202
1493,5237
1494,5249
1495,5240
1496,5241
1497,5279
1498,5212
1499,5230
1500,5248
1501,5233
1502,5232
1503,5236
1504,5222
1505,5216
1506,5215
1507,5219
1508,5221
1509,5226
1510,5213
1511,5214
1512,5227
1513,5267
1514,5255
1515,5295
1516,5283
1517,5287
1518,5308
1519,5321
1520,5314
1521,5332
1522,5351
1523,4338
1524,4343
1525,4349
1526,4351
1527,4350
1528,4359
1529,4365
1530,4348
1531,4358
1532,4364
1533,4380
1534,4384
1535,4392
1536,4387
1537,4418
1538,4440
1539,4429
1540,4432
1541,4450
1542,4453
1543,7718
1544,7738
1545,7710
1546,7705
1547,9782
1548,5365
1549,7035
1550,5371
1551,8705
1552,8709
1553,8710
1554,8690
1555,8698
1556,7446
1557,7444
1558,7425
1559,7420
1560,7424
1561,7423
1562,7431
1563,7383
1564,7401
1565,7400
1566,7390
1567,7387
1568,7417
1569,7391
1570,7398
1571,7397
1572,7386
1573,7395
1574,7452
1575,7396
1576,7394
1577,7379
1578,7374
1579,8074
1580,8057
1581,8047
1582,8051
1583,8044
1584,8033
1585,8041
1586,8120
1587,8127
1588,8123
1589,8108
1590,8111
1591,8105
1592,8109
1593,8106
1594,8104
1595,8077
1596,8097
1597,8082
1598,8079
1599,8081
1600,8093
1601,8080
1602,8133
1603,8136
1604,8135
1605,9181
1606,8148
1607,9263
1608,9273
1609,9261
1610,9272
1611,9299
1612,9267
1613,9298
1614,9275
1615,9303
1616,9312
1617,9324
1618,9315
1619,9316
1620,9332
1621,9333
1622,8140
1623,8143
1624,8145
1625,8144
1626,4256
1627,4260
1628,8159
1629,8157
1630,7139
1631,8162
1632,8161
1633,8172
1634,8176
1635,8164
1636,8165
1637,8177
1638,8179
1639,8178
1640,8170
1641,8181
1642,8183
1643,8184
1644,8187
1645,8190
1646,8192
1647,8199
1648,8189
1649,8196
1650,8203
1651,8207
1652,8217
1653,8216
1654,8211
1655,8212
1656,8218
1657,8213
1658,8224
1659,8235
1660,8226
1661,8229
1662,8236
1663,8242
1664,8244
1665,8241
1666,8243
1667,8283
1668,8251
1669,8247
1670,8249
1671,8289
1672,8282
1673,8280
1674,8284
1675,8254
1676,8258
1677,8268
1678,8264
1679,8261
1680,9860
1681,9861
1682,8265
1683,8267
1684,8277
1685,8274
1686,8271
1687,8272
1688,8273
1689,8276
1690,8279
1691,8298
1692,8301
1693,8299
1694,8300
1695,8295
1696,8293
1697,8292
1698,8336
1699,8335
1700,8334
1701,8317
1702,8314
1703,8332
1704,8331
1705,8329
1706,8315
1707,8322
1708,8320
1709,8319
1710,8318
1711,8309
1712,4987
1713,4470
1714,4471
1715,9867
1716,9868
1717,4499
1718,4505
1719,4508
1720,4583
1721,4624
1722,4588
1723,4587
1724,4595
1725,9871
1726,4724
1727,4725
1728,4726
1729,4727
1730,4640
1731,4636
1732,4641
1733,4639
1734,4642
1735,4730
1736,4733
1737,4465
1738,4463
1739,4462
1740,4464
1741,4769
1742,4770
1743,4771
1744,7155
1745,7149
1746,7182
1747,4875
1748,4876
1749,7160
1750,7164
1751,7157
1752,7169
1753,7172
1754,7191
1755,7181
1756,7188
1757,4599
1758,4513
1759,4517
1760,4521
1761,4520
1762,4546
1763,4531
1764,4550
1765,4532
1766,4534
1767,4536
1768,4561
1769,4560
1770,4562
1771,4535
1772,4565
1773,4551
1774,4566
1775,4552
1776,4555
1777,4559
1778,4557
1779,4553
1780,4883
1781,4886
1782,4881
1783,4889
1784,4887
1785,4899
1786,4890
1787,4910
1788,4915
1789,4911
1790,4903
1791,4966
1792,4953
1793,5048
1794,5039
1795,5061
1796,5044
1797,5075
1798,4802
1799,4807
1800,4801
1801,5410
1802,5397
1803,5413
1804,5411
1805,5428
1806,5416
1807,5449
1808,5445
1809,5463
1810,5464
1811,5451
1812,5450
1813,5474
1814,5487
1815,5493
1816,5486
1817,5492
1818,5016
1819,5021
1820,9797
1821,5503
1822,5511
1823,5510
1824,5508
1825,5022
1826,5028
1827,5120
1828,4773
1829,4777
1830,4781
1831,4605
1832,4604
1833,4614
1834,4784
1835,4661
1836,4675
1837,4685
1838,4677
1839,4697
1840,4717
1841,4714
1842,4745
1843,4739
1844,4750
1845,4744
1846,4743
1847,4758
1848,4285
1849,4286
1850,4287
1851,4316
1852,4322
1853,4318
1854,9833
1855,4334
1856,4290
1857,4295
1858,4301
1859,4303
1860,4818
1861,4822
1862,4814
1863,4828
1864,4836
1865,4841
1866,4859
1867,4847
1868,4856
1869,4855
1870,4273
1871,4278
1872,4277
1873,4281
1874,7346
1875,4651
1876,4646
1877,4657
1878,4649
1879,8715
1880,8713
1881,5516
1882,5527
1883,5519
1884,5528
1885,5518
1886,5539
1887,5520
1888,7682
1889,7681
1890,7686
1891,7691
1892,7696
1893,5540
1894,5543
1895,5553
1896,5552
1897,5559
1898,5581
1899,5572
1900,5566
1901,5583
1902,5584
1903,5580
1904,5579
1905,5599
1906,5591
1907,5582
1908,5603
1909,5602
1910,8011
1911,8005
1912,8001
1913,8002
1914,7988
1915,8003
1916,8006
1917,9615
1918,9607
1919,9617
1920,9633
1921,9624
1922,9625
1923,9628
1924,9645
1925,9647
1926,9651
1927,9681
1928,9684
1929,9686
1930,9695
1931,9713
1932,7966
1933,7974
1934,7976
1935,7973
1936,7978
1937,7979
1938,9600
1939,9588
1940,9571
1941,9516
1942,9521
1943,9518
1944,9543
1945,9555
1946,9483
1947,9443
1948,9446
1949,9430
1950,9505
1951,9382
1952,9386
1953,9384
1954,9385
1955,9388
1956,9391
1957,9392
1958,9403
1959,9396
1960,9398
1961,9393
1962,9417
1963,9419
1964,9420
1965,9423
1966,9213
1967,9245
1968,9226
1969,8662
1970,9098
1971,9102
1972,9106
1973,9110
1974,9117
1975,9114
1976,9122
1977,9140
1978,9149
1979,9080
1980,9094
1981,9154
1982,9062
1983,9071
1984,9048
1985,9040
1986,9168
1987,9014
1988,9016
1989,9017
1990,9019
1991,8977
1992,8987
1993,8990
1994,9875
1995,9001
1996,8942
1997,8948
1998,8953
1999,9002
2000,8996
2001,8888
2002,8898
2003,8896
2004,8861
2005,8865
2006,8908
2007,8904
2008,8824
2009,8828
2010,8844
2011,8832
2012,8835
2013,8845
2014,8846
2015,8839
2016,8841
2017,8842
2018,8621
2019,8632
2020,8652
2021,8653
2022,8631
2023,8626
2024,8625
2025,8588
2026,8757
2027,8745
2028,8763
2029,8817
2030,9351
2031,9341
2032,8724
2033,8714
2034,8489
2035,8509
2036,8502
2037,8469
2038,8437
2039,8443
2040,8468
2041,8472
2042,8466
2043,8460
2044,8568
2045,8564
2046,9876
2047,8576
2048,8524
2049,8550
2050,8519
2051,8417
2052,8395
2053,8396
2054,8401
2055,8402
2056,8425
2057,8371
2058,8373
2059,8381
2060,8374
2061,8376
2062,8382
2063,8345
2064,8352
2065,7917
2066,7922
2067,7952
2068,7940
2069,7954
2070,7900
2071,7928
2072,7861
2073,7865
2074,7876
2075,7815
2076,7820
2077,7826
2078,7767
2079,7788
2080,7776
2081,7751
2082,7760
2083,7781
2084,7780
2085,10088
2086,9893
2087,9894
2088,9897
2089,9908
2090,9911
2091,9900
2092,9934
2093,9980
2094,9974
2095,9972
2096,10010
2097,9996
2098,9987
2099,9988
2100,10093
2101,10094
2102,10091
2103,10505
2104,10508
2105,10481
2106,10496
2107,10494
2108,10487
2109,10489
2110,10472
2111,10470
2112,10463
2113,10456
2114,10475
2115,10578
2116,10574
2117,10567
2118,10707
2119,10731
2120,10735
2121,10746
2122,10748
2123,10751
2124,9890
2125,10515
2126,10519
2127,10522
2128,10518
2129,10520
2130,10529
2131,10202
2132,11345
2133,11353
2134,11352
2135,11348
2136,11349
2137,11355
2138,10138
2139,10150
2140,10179
2141,10180
2142,10177
2143,10170
2144,10160
2145,10153
2146,10156
2147,10162
2148,10165
2149,10185
2150,10182
2151,10192
2152,10191
2153,10193
2154,10127
2155,10117
2156,10121
2157,10112
2158,10108
2159,10097
2160,10099
2161,10219
2162,10228
2163,10226
2164,10330
2165,10327
2166,10333
2167,10350
2168,10338
2169,10340
2170,10377
2171,10375
2172,10366
2173,10210
2174,10547
2175,10546
2176,10537
2177,10533
2178,10536
2179,11204
2180,10691
2181,10693
2182,10700
2183,10654
2184,10656
2185,10657
2186,10669
2187,10668
2188,10670
2189,10674
2190,10675
2191,10663
2192,10678
2193,10690
2194,10688
2195,10686
2196,10682
2197,10030
2198,10026
2199,10029
2200,10024
2201,10022
2202,10019
2203,10023
2204,10845
2205,10839
2206,10861
2207,10847
2208,10846
2209,10886
2210,10867
2211,10889
2212,10872
2213,10875
2214,10869
2215,10871
2216,10922
2217,10921
2218,10924
2219,10873
2220,10898
2221,10906
2222,10909
2223,10904
2224,10929
2225,10323
2226,10319
2227,10054
2228,10058
2229,10066
2230,10071
2231,10072
2232,10064
2233,10079
2234,10062
2235,10061
2236,10068
2237,10060
2238,10048
2239,10037
2240,10050
2241,10315
2242,10832
2243,10807
2244,10802
2245,10806
2246,10814
2247,10811
2248,10812
2249,10819
2250,10810
2251,10781
2252,10788
2253,10306
2254,10299
2255,10650
2256,10647
2257,10652
2258,10287
2259,10310
2260,10604
2261,10615
2262,10620
2263,10618
2264,10625
2265,10633
2266,10632
2267,10634
2268,10279
2269,10271
2270,10253
2271,10581
2272,10589
2273,10586
2274,10591
2275,10587
2276,10590
2277,10592
2278,10599
2279,10773
2280,11196
2281,11197
2282,11186
2283,10724
2284,10956
2285,10955
2286,10959
2287,10958
2288,10947
2289,10942
2290,10935
2291,10937
2292,11046
2293,11043
2294,11042
2295,11029
2296,11023
2297,11025
2298,11019
2299,11022
2300,11017
2301,11018
2302,11034
2303,10997
2304,10991
2305,11007
2306,11000
2307,11001
2308,11009
2309,11003
2310,11012
2311,10982
2312,11137
2313,11136
2314,11124
2315,11106
2316,11101
2317,11102
2318,11107
2319,11104
2320,11085
2321,11075
2322,11074
2323,11078
2324,11082
2325,11084
2326,11165
2327,11168
2328,11167
2329,11148
2330,11140
2331,11158
2332,11150
2333,11181
2334,11318
2335,10980
2336,11290
2337,11292
2338,11293
2339,11303
2340,11265
2341,11260
2342,11269
2343,11268
2344,11264
2345,11266
2346,11257
2347,11271
2348,11272
2349,11270
2350,11245
2351,11255
2352,11249
2353,11253
2354,11254
2355,10435
2356,10437
2357,10438
2358,10444
2359,10447
2360,10448
2361,11213
2362,11214
2363,11215
2364,11216
2365,11222
2366,11226
2367,11217
2368,11230
2369,11223
2370,11325
2371,11332
2372,11338
2373,11207
2374,11212
2375,11859
2376,11865
2377,11874
2378,11869
2379,11870
2380,11873
2381,11872
2382,11842
2383,11851
2384,11834
2385,11840
2386,11813
2387,11811
2388,11823
2389,11805
2390,11800
2391,11760
2392,11780
2393,11759
2394,11737
2395,11730
2396,11713
2397,11718
2398,11711
2399,11706
2400,11696
2401,11694
2402,11699
2403,11686
2404,11672
2405,11685
2406,11668
2407,11652
2408,11633
2409,11649
2410,11643
2411,11644
2412,11640
2413,11636
2414,11638
2415,11630
2416,11629
2417,11627
2418,11648
2419,12058
2420,10404
2421,10416
2422,10417
2423,10424
2424,10400
2425,10398
2426,10396
2427,11622
2428,11608
2429,11601
2430,11609
2431,11600
2432,11595
2433,11593
2434,11589
2435,11587
2436,11588
2437,11597
2438,11571
2439,11574
2440,11563
2441,11562
2442,11559
2443,11554
2444,11558
2445,11549
2446,11542
2447,11538
2448,11533
2449,11543
2450,11547
2451,11526
2452,11525
2453,11527
2454,11899
2455,11901
2456,11903
2457,11896
2458,11948
2459,11991
2460,11992
2461,11990
2462,11986
2463,11972
2464,11916
2465,11946
2466,11952
2467,12002
2468,11912
2469,11914
2470,11944
2471,11911
2472,11907
2473,12003
2474,12009
2475,12017
2476,12029
2477,12035
2478,12033
2479,11906
2480,11893
2481,11884
2482,11514
2483,11483
2484,11509
2485,11495
2486,11493
2487,11503
2488,11502
2489,11463
2490,11477
2491,11467
2492,11459
2493,11441
2494,11437
2495,11413
2496,11402
2497,11399
2498,11384
2499,11390
2500,11370
2501,11367
2502,11366
2503,13676
2504,13682
2505,13667
2506,13659
2507,13683
2508,13691
2509,13695
2510,14893
2511,14895
2512,14898
2513,13694
2514,13689
2515,14029
2516,14028
2517,14050
2518,14038
2519,13701
2520,13702
2521,13709
2522,13718
2523,13716
2524,13724
2525,13728
2526,13727
2527,14041
2528,13450
2529,13452
2530,13451
2531,13456
2532,13467
2533,13471
2534,13473
2535,13315
2536,13298
2537,13299
2538,13300
2539,15726
2540,13309
2541,13301
2542,13294
2543,13328
2544,13327
2545,13329
2546,13336
2547,13333
2548,13320
2549,13321
2550,13338
2551,13270
2552,13274
2553,13265
2554,14383
2555,14386
2556,14381
2557,14382
2558,13216
2559,13215
2560,13200
2561,13205
2562,13223
2563,13204
2564,13209
2565,13208
2566,13194
2567,13207
2568,12727
2569,12724
2570,12720
2571,12722
2572,12715
2573,12742
2574,12733
2575,12731
2576,12755
2577,12756
2578,12757
2579,12773
2580,12768
2581,12774
2582,12762
2583,12761
2584,12759
2585,12750
2586,12796
2587,12802
2588,12799
2589,12811
2590,12795
2591,12790
2592,12787
2593,12850
2594,12829
2595,12837
2596,12844
2597,12826
2598,12833
2599,12834
2600,12841
2601,12840
2602,12823
2603,12816
2604,12819
2605,12775
2606,12783
2607,12888
2608,12882
2609,14681
2610,14655
2611,14674
2612,14660
2613,14659
2614,14672
2615,14671
2616,14670
2617,14656
2618,14668
2619,14640
2620,14645
2621,14651
2622,14661
2623,14653
2624,14650
2625,14662
2626,14619
2627,14629
2628,14622
2629,14626
2630,14635
2631,15683
2632,14375
2633,14374
2634,14366
2635,15681
2636,12868
2637,12863
2638,12865
2639,12884
2640,15643
2641,15652
2642,15647
2643,15649
2644,15666
2645,15670
2646,14869
2647,14868
2648,15479
2649,15487
2650,15486
2651,15504
2652,15505
2653,15497
2654,15492
2655,15506
2656,15528
2657,15511
2658,15516
2659,15507
2660,15509
2661,15501
2662,15520
2663,15531
2664,15530
2665,15523
2666,15529
2667,15539
2668,14816
2669,14801
2670,14813
2671,14814
2672,14808
2673,14812
2674,14815
2675,14794
2676,14790
2677,14792
2678,14776
2679,14778
2680,14726
2681,14722
2682,14716
2683,14709
2684,14710
2685,14734
2686,14737
2687,14695
2688,14693
2689,14700
2690,14739
2691,14750
2692,15584
2693,15583
2694,15568
2695,15592
2696,15591
2697,15589
2698,15590
2699,15562
2700,15557
2701,14833
2702,14834
2703,14835
2704,14842
2705,14836
2706,14843
2707,14850
2708,15613
2709,13542
2710,13511
2711,13497
2712,13507
2713,13491
2714,13493
2715,13501
2716,13477
2717,13478
2718,13573
2719,13565
2720,13564
2721,13567
2722,13581
2723,13557
2724,13556
2725,13551
2726,14572
2727,14574
2728,14579
2729,14588
2730,14589
2731,13595
2732,13603
2733,13598
2734,13235
2735,13236
2736,13237
2737,13238
2738,13244
2739,13251
2740,13239
2741,13263
2742,13255
2743,13264
2744,13612
2745,15456
2746,15455
2747,15452
2748,15471
2749,15472
2750,15446
2751,13628
2752,13625
2753,13620
2754,13616
2755,15434
2756,15448
2757,12555
2758,12560
2759,12565
2760,12571
2761,13638
2762,13636
2763,15421
2764,15418
2765,15415
2766,12574
2767,13007
2768,13008
2769,12253
2770,12250
2771,12244
2772,12247
2773,12262
2774,12271
2775,12267
2776,12276
2777,12259
2778,12256
2779,12252
2780,12233
2781,12223
2782,12216
2783,12226
2784,12093
2785,12097
2786,12089
2787,12100
2788,12083
2789,12087
2790,12072
2791,12242
2792,12238
2793,12434
2794,12433
2795,12158
2796,12144
2797,13352
2798,13382
2799,13386
2800,13392
2801,13348
2802,13350
2803,13369
2804,13376
2805,13380
2806,13418
2807,13364
2808,13368
2809,13362
2810,13366
2811,13401
2812,13402
2813,13412
2814,13415
2815,12639
2816,12640
2817,12641
2818,12655
2819,13434
2820,13438
2821,13443
2822,13445
2823,13430
2824,12661
2825,12643
2826,12668
2827,12395
2828,12394
2829,12393
2830,12390
2831,12410
2832,12409
2833,12966
2834,12959
2835,12987
2836,15722
2837,12985
2838,12982
2839,12539
2840,12546
2841,12523
2842,12521
2843,12520
2844,12519
2845,12512
2846,12518
2847,12517
2848,12514
2849,12476
2850,12485
2851,12489
2852,12449
2853,12443
2854,12447
2855,12481
2856,12487
2857,12478
2858,12592
2859,12598
2860,12594
2861,12596
2862,13026
2863,13027
2864,13038
2865,13053
2866,13050
2867,12597
2868,13052
2869,13067
2870,13048
2871,13049
2872,13068
2873,13025
2874,13032
2875,13028
2876,13056
2877,13060
2878,13071
2879,12899
2880,12900
2881,12904
2882,12914
2883,12915
2884,12901
2885,12907
2886,12906
2887,12928
2888,12934
2889,12940
2890,12944
2891,12947
2892,12938
2893,12936
2894,12953
2895,12955
2896,12617
2897,12630
2898,12621
2899,12624
2900,12115
2901,12126
2902,12133
2903,12132
2904,12109
2905,12169
2906,12165
2907,12162
2908,12160
2909,12180
2910,12181
2911,12172
2912,12202
2913,12196
2914,12197
2915,12211
2916,12193
2917,12191
2918,12332
2919,12334
2920,12341
2921,12322
2922,12323
2923,12330
2924,12331
2925,12335
2926,12333
2927,12321
2928,12320
2929,12300
2930,12296
2931,12307
2932,12292
2933,12311
2934,12301
2935,12312
2936,12299
2937,12310
2938,12295
2939,12306
2940,12303
2941,12313
2942,12302
2943,12284
2944,13832
2945,13836
2946,13837
2947,13839
2948,13838
2949,13846
2950,13845
2951,13840
2952,13844
2953,13842
2954,13843
2955,14086
2956,14075
2957,14098
2958,14069
2959,14074
2960,14091
2961,14055
2962,14078
2963,14057
2964,14063
2965,14066
2966,14064
2967,14102
2968,14093
2969,14165
2970,14148
2971,14161
2972,14163
2973,14164
2974,14097
2975,14056
2976,14080
2977,14067
2978,14068
2979,14233
2980,14219
2981,14215
2982,14222
2983,14211
2984,14220
2985,14223
2986,13766
2987,13769
2988,13090
2989,13091
2990,13118
2991,13116
2992,13120
2993,13146
2994,13103
2995,13082
2996,13083
2997,13114
2998,13131
2999,13141
3000,13133
3001,13126
3002,13163
3003,13182
3004,13183
3005,13184
3006,13170
3007,13155
3008,14447
3009,14440
3010,14411
3011,14419
3012,14412
3013,14405
3014,14566
3015,13823
3016,15385
3017,15391
3018,15390
3019,15394
3020,15397
3021,15393
3022,15378
3023,15373
3024,15379
3025,15399
3026,15365
3027,15368
3028,15359
3029,15355
3030,15405
3031,15403
3032,15349
3033,15350
3034,15353
3035,15716
3036,15703
3037,15711
3038,15707
3039,15318
3040,15322
3041,15325
3042,15332
3043,15340
3044,15341
3045,15343
3046,15685
3047,15694
3048,15689
3049,15691
3050,15698
3051,15696
3052,13980
3053,13978
3054,13986
3055,13995
3056,13737
3057,13746
3058,13761
3059,13760
3060,13745
3061,13755
3062,13989
3063,15311
3064,15309
3065,15315
3066,14018
3067,13999
3068,14004
3069,14006
3070,14120
3071,14133
3072,14113
3073,14119
3074,14116
3075,14127
3076,14130
3077,14170
3078,14192
3079,14206
3080,14187
3081,14204
3082,15242
3083,15234
3084,15246
3085,15240
3086,15232
3087,15244
3088,15241
3089,15233
3090,15259
3091,15227
3092,15250
3093,15249
3094,15251
3095,15245
3096,15264
3097,15268
3098,15238
3099,15262
3100,15266
3101,15288
3102,15282
3103,15273
3104,15279
3105,15280
3106,15272
3107,15294
3108,15274
3109,15284
3110,15277
3111,15302
3112,15208
3113,15204
3114,15209
3115,15207
3116,15189
3117,15188
3118,15190
3119,15197
3120,15196
3121,15199
3122,15213
3123,15174
3124,15170
3125,15165
3126,15167
3127,15183
3128,15176
3129,15179
3130,15152
3131,15154
3132,15157
3133,15155
3134,15138
3135,15140
3136,15145
3137,15130
3138,15129
3139,15118
3140,15121
3141,15132
3142,15106
3143,15094
3144,15085
3145,15083
3146,15081
3147,15109
3148,15099
3149,15217
3150,15218
3151,15057
3152,15058
3153,15060
3154,15054
3155,15069
3156,15072
3157,15071
3158,14243
3159,14244
3160,14280
3161,14305
3162,14262
3163,14265
3164,14328
3165,13813
3166,14348
3167,14463
3168,14464
3169,14469
3170,13926
3171,13933
3172,13945
3173,13930
3174,13953
3175,13975
3176,13958
3177,13947
3178,12465
3179,14602
3180,14614
3181,14609
3182,14615
3183,14593
3184,12689
3185,13917
3186,13918
3187,13907
3188,13886
3189,13895
3190,13890
3191,15022
3192,15024
3193,15039
3194,15045
3195,15011
3196,14980
3197,15009
3198,14945
3199,14932
3200,14929
3201,14940
3202,14930
3203,14939
3204,14955
3205,14949
3206,14954
3207,14953
3208,14973
3209,14917
3210,14916
3211,14901
3212,14923
3213,14924
3214,14911
3215,14546
3216,13878
3217,13881
3218,13875
3219,14525
3220,14524
3221,14512
3222,14504
3223,12356
3224,12351
3225,12350
3226,12355
3227,12354
3228,16844
3229,16839
3230,16835
3231,16840
3232,16833
3233,16827
3234,16822
3235,16821
3236,16812
3237,16794
3238,16784
3239,16792
3240,16793
3241,16805
3242,16791
3243,16799
3244,16790
3245,16820
3246,16769
3247,16768
3248,16767
3249,16766
3250,16765
3251,16751
3252,16775
3253,16761
3254,16752
3255,16758
3256,16757
3257,16756
3258,16753
3259,15867
3260,15841
3261,15851
3262,15838
3263,15837
3264,16925
3265,15854
3266,15856
3267,16735
3268,16720
3269,16718
3270,16734
3271,16612
3272,16614
3273,16606
3274,16613
3275,16623
3276,16619
3277,16581
3278,16600
3279,16589
3280,16599
3281,16629
3282,16621
3283,16641
3284,16645
3285,16854
3286,16852
3287,16851
3288,16859
3289,16868
3290,16874
3291,16685
3292,16681
3293,16676
3294,16673
3295,16669
3296,16564
3297,16560
3298,16566
3299,16563
3300,16574
3301,16565
3302,16562
3303,16543
3304,16539
3305,16542
3306,16537
3307,16538
3308,16547
3309,16553
3310,16521
3311,16517
3312,16529
3313,16514
3314,15786
3315,15793
3316,15797
3317,15798
3318,15803
3319,15802
3320,16877
3321,16884
3322,16888
3323,16653
3324,16648
3325,16649
3326,16659
3327,16662
3328,16663
3329,16494
3330,16483
3331,16487
3332,16502
3333,16445
3334,16435
3335,16436
3336,16386
3337,16425
3338,16385
3339,16437
3340,16438
3341,16398
3342,16416
3343,16366
3344,16370
3345,16369
3346,16363
3347,16362
3348,16358
3349,16374
3350,16359
3351,16413
3352,16403
3353,16401
3354,16409
3355,16451
3356,16455
3357,16453
3358,16470
3359,16351
3360,16352
3361,16291
3362,16322
3363,16188
3364,16157
3365,16183
3366,16184
3367,16186
3368,16185
3369,16270
3370,16122
3371,16119
3372,16124
3373,16147
3374,16110
3375,16101
3376,16100
3377,16085
3378,16064
3379,16053
3380,16063
3381,16082
3382,16046
3383,16049
3384,16035
3385,16047
3386,16038
3387,16089
3388,16005
3389,15955
3390,15930
3391,15951
3392,15954
3393,15935
3394,15939
3395,15934
3396,15924
3397,15888
3398,15925
3399,15904
3400,15921
3401,15896
3402,15877
3403,15871
3404,15763
3405,15750
3406,15762
3407,15740
3408,21062
3409,21059
3410,17995
3411,18019
3412,18017
3413,18018
3414,18037
3415,18039
3416,18052
3417,17957
3418,18119
3419,18099
3420,18096
3421,18134
3422,18105
3423,18113
3424,18149
3425,18157
3426,17434
3427,17439
3428,17911
3429,17148
3430,17906
3431,17184
3432,16963
3433,16964
3434,17720
3435,17750
3436,17728
3437,17751
3438,17781
3439,17820
3440,17940
3441,17840
3442,17858
3443,17849
3444,17878
3445,17871
3446,17886
3447,17689
3448,17896
3449,17232
3450,17466
3451,18918
3452,18911
3453,17900
3454,17189
3455,17202
3456,17211
3457,16998
3458,17011
3459,17131
3460,17143
3461,17393
3462,17385
3463,17404
3464,17408
3465,17421
3466,17037
3467,17060
3468,17045
3469,19194
3470,19208
3471,19501
3472,19514
3473,19063
3474,19517
3475,19055
3476,19157
3477,19092
3478,19117
3479,19164
3480,19166
3481,17255
3482,17254
3483,17264
3484,17098
3485,17078
3486,17459
3487,17458
3488,19223
3489,19244
3490,19255
3491,17280
3492,17285
3493,17289
3494,17334
3495,17323
3496,17314
3497,17319
3498,17315
3499,19490
3500,19493
3501,19489
3502,19285
3503,19288
3504,19289
3505,19620
3506,19640
3507,19642
3508,20511
3509,20520
3510,20527
3511,20544
3512,20560
3513,20460
3514,20476
3515,20501
3516,20496
3517,20146
3518,20154
3519,20084
3520,20119
3521,20063
3522,20067
3523,20074
3524,19406
3525,19409
3526,19425
3527,19434
3528,19436
3529,19454
3530,19453
3531,19459
3532,19521
3533,19520
3534,19590
3535,19603
3536,19577
3537,19588
3538,19536
3539,19533
3540,18718
3541,18728
3542,18739
3543,20734
3544,20757
3545,20756
3546,20758
3547,19332
3548,19345
3549,19350
3550,19314
3551,19323
3552,19343
3553,19369
3554,19384
3555,19399
3556,19354
3557,19363
3558,19361
3559,19391
3560,19392
3561,19402
3562,19370
3563,19373
3564,19375
3565,19381
3566,19374
3567,19376
3568,19675
3569,19659
3570,19664
3571,19680
3572,19691
3573,19702
3574,19709
3575,19701
3576,18938
3577,20958
3578,20939
3579,20946
3580,20969
3581,20954
3582,20970
3583,20964
3584,18943
3585,18967
3586,18958
3587,18973
3588,18991
3589,18974
3590,18562
3591,18567
3592,18571
3593,20876
3594,20875
3595,20899
3596,20911
3597,20912
3598,20915
3599,20914
3600,19021
3601,18998
3602,18996
3603,18999
3604,19013
3605,19005
3606,19006
3607,19000
3608,19025
3609,19032
3610,18891
3611,18892
3612,18902
3613,18904
3614,17119
3615,18540
3616,18557
3617,18546
3618,21090
3619,21107
3620,21122
3621,21121
3622,21129
3623,20920
3624,20937
3625,19040
3626,18741
3627,18746
3628,18748
3629,18757
3630,18753
3631,18766
3632,18798
3633,18799
3634,18802
3635,18823
3636,18807
3637,18821
3638,18840
3639,18861
3640,18847
3641,18848
3642,18869
3643,18587
3644,18605
3645,18608
3646,18617
3647,18622
3648,18626
3649,18631
3650,18653
3651,18633
3652,18642
3653,18637
3654,18644
3655,18657
3656,18671
3657,18687
3658,18668
3659,18711
3660,18712
3661,18705
3662,18684
3663,18685
3664,18679
3665,20975
3666,20972
3667,20973
3668,20988
3669,21012
3670,21025
3671,21005
3672,18195
3673,18207
3674,18198
3675,18186
3676,18206
3677,18217
3678,18488
3679,18501
3680,18496
3681,18497
3682,18236
3683,18238
3684,18182
3685,17488
3686,17495
3687,17494
3688,18477
3689,18481
3690,18462
3691,18465
3692,18293
3693,18294
3694,18287
3695,18281
3696,18300
3697,18304
3698,18073
3699,18087
3700,18066
3701,18063
3702,17483
3703,17531
3704,17341
3705,16941
3706,16940
3707,19727
3708,19730
3709,19738
3710,19733
3711,19737
3712,19751
3713,19757
3714,19752
3715,19754
3716,19768
3717,19804
3718,19771
3719,19792
3720,19794
3721,19793
3722,19795
3723,19784
3724,19770
3725,19758
3726,19760
3727,20665
3728,20668
3729,20669
3730,20671
3731,20676
3732,20675
3733,20677
3734,20679
3735,20682
3736,20681
3737,20690
3738,20684
3739,20694
3740,19814
3741,19815
3742,19816
3743,19818
3744,19833
3745,19838
3746,19835
3747,19830
3748,19829
3749,19825
3750,19823
3751,19834
3752,19821
3753,19820
3754,20720
3755,20685
3756,20718
3757,20698
3758,20700
3759,20704
3760,20707
3761,20701
3762,20725
3763,20708
3764,20710
3765,20716
3766,20650
3767,20661
3768,20595
3769,20598
3770,20609
3771,20619
3772,20621
3773,20618
3774,20622
3775,20563
3776,20564
3777,20575
3778,20591
3779,20049
3780,20043
3781,20047
3782,20818
3783,20843
3784,20826
3785,20832
3786,20849
3787,20857
3788,20858
3789,20851
3790,20853
3791,20005
3792,19979
3793,19983
3794,19988
3795,19998
3796,20011
3797,19940
3798,19959
3799,19970
3800,19967
3801,19971
3802,19919
3803,19921
3804,19922
3805,19925
3806,19903
3807,19901
3808,19898
3809,20796
3810,20802
3811,19876
3812,19882
3813,19872
3814,19874
3815,19853
3816,19873
3817,19878
3818,20788
3819,20792
3820,20278
3821,20287
3822,20300
3823,17564
3824,17587
3825,18523
3826,18531
3827,17612
3828,17615
3829,17636
3830,20179
3831,20164
3832,20182
3833,20181
3834,20178
3835,20162
3836,20191
3837,20192
3838,20198
3839,20306
3840,20346
3841,20320
3842,20325
3843,20337
3844,20353
3845,20355
3846,20364
3847,20376
3848,20377
3849,20387
3850,20388
3851,20408
3852,20395
3853,20413
3854,20431
3855,20416
3856,18402
3857,20236
3858,20210
3859,20214
3860,20240
3861,20264
3862,20241
3863,20243
3864,20266
3865,18457
3866,17616
3867,17617
3868,17618
3869,17621
3870,17623
3871,17626
3872,17628
3873,17625
3874,17630
3875,17633
3876,17634
3877,17635
3878,17652
3879,18379
3880,18367
3881,18378
3882,18348
3883,18400
3884,18399
3885,18380
3886,17986
3887,17981
3888,17966
3889,17977
3890,17962
3891,18328
3892,18314
3893,18316
3894,18315
3895,18319
3896,18313
3897,18320
3898,18317
3899,18318
3900,18335
3901,18414
3902,21502
3903,21479
3904,21492
3905,21481
3906,21289
3907,21285
3908,21308
3909,21311
3910,21303
3911,21317
3912,21585
3913,21598
3914,21593
3915,21463
3916,21467
3917,21471
3918,21462
3919,21572
3920,21437
3921,21403
3922,21388
3923,21545
3924,21543
3925,21530
3926,21526
3927,21546
3928,21522
3929,21156
3930,21155
3931,21161
3932,21163
3933,21169
3934,21167
3935,21189
3936,21191
3937,21194
3938,21214
3939,23240
3940,21226
3941,21241
3942,21244
3943,21237
3944,23221
3945,23225
3946,21339
3947,21357
3948,21358
3949,22071
3950,22038
3951,22010
3952,22013
3953,22026
3954,22032
3955,21980
3956,21983
3957,21935
3958,22320
3959,22324
3960,22329
3961,22217
3962,22261
3963,23254
3964,22304
3965,22255
3966,22283
3967,22221
3968,22227
3969,22186
3970,22178
3971,22198
3972,22120
3973,22145
3974,22602
3975,22620
3976,22526
3977,22552
3978,22497
3979,22478
3980,22476
3981,22454
3982,21916
3983,21898
3984,21901
3985,23072
3986,23073
3987,23074
3988,23084
3989,23092
3990,23096
3991,23143
3992,23162
3993,23158
3994,23152
3995,23179
3996,23114
3997,23050
3998,23028
3999,22945
4000,22947
4001,22946
4002,22950
4003,22954
4004,23004
4005,22972
4006,22979
4007,22925
4008,22831
4009,22844
4010,22859
4011,22871
4012,22106
4013,21870
4014,21875
4015,22805
4016,22705
4017,22702
4018,22636
4019,22672
4020,22681
4021,22777
4022,21860
4023,21868
4024,21862
4025,22760
4026,22761
4027,22759
4028,22444
4029,22360
4030,22377
4031,22388
4032,22875
4033,22884
4034,22883
4035,22407
4036,22425
4037,22420
4038,22423
4039,22430
4040,22433
4041,22345
4042,21819
4043,21759
4044,21760
4045,21766
4046,21740
4047,22943
4048,21748
4049,21739
4050,21720
4051,21711
4052,21709
4053,21695
4054,21701
4055,21700
4056,21712
4057,21676
4058,21683
4059,23305
4060,23312
4061,23316
4062,23320
4063,23293
4064,23284
4065,23278
4066,23314
4067,23344
4068,23364
4069,23356
4070,23377
4071,23367
4072,23342
4073,23946
4074,23920
4075,23960
4076,23984
4077,23934
4078,23935
4079,24089
4080,24095
4081,24114
4082,24099
4083,24110
4084,23894
4085,23915
4086,23904
4087,23901
4088,24093
4089,23397
4090,23391
4091,23386
4092,23433
4093,23430
4094,23809
4095,23812
4096,23818
4097,23776
4098,23458
4099,23443
4100,23471
4101,23488
4102,23490
4103,23487
4104,23457
4105,23450
4106,24087
4107,24079
4108,24055
4109,24070
4110,24058
4111,23517
4112,24050
4113,24034
4114,24052
4115,23546
4116,24002
4117,24010
4118,24014
4119,24028
4120,23552
4121,23893
4122,23873
4123,23866
4124,23847
4125,23835
4126,23837
4127,23625
4128,23623
4129,23585
4130,23679
4131,23666
4132,23737
4133,23736
4134,23723
4135,24136
4136,23763
4137,26532
4138,26485
4139,26484
4140,26929
4141,26939
4142,26934
4143,26935
4144,26909
4145,26858
4146,26874
4147,26864
4148,26875
4149,26885
4150,26886
4151,26467
4152,26470
4153,26475
4154,26453
4155,26458
4156,26559
4157,26564
4158,26814
4159,26824
4160,26825
4161,26851
4162,26847
4163,26307
4164,26311
4165,26318
4166,26325
4167,26351
4168,26365
4169,25649
4170,25643
4171,25676
4172,25679
4173,25666
4174,25659
4175,25739
4176,25746
4177,25702
4178,25705
4179,27014
4180,27000
4181,27008
4182,27009
4183,27017
4184,27015
4185,26623
4186,26643
4187,26646
4188,26645
4189,26979
4190,27030
4191,27039
4192,26948
4193,26959
4194,26954
4195,26804
4196,26789
4197,26768
4198,26751
4199,26741
4200,26749
4201,26748
4202,26744
4203,26753
4204,26737
4205,26722
4206,26717
4207,26700
4208,26690
4209,26654
4210,26679
4211,28379
4212,28382
4213,28395
4214,28385
4215,28387
4216,28390
4217,28388
4218,28322
4219,28323
4220,28328
4221,28345
4222,28341
4223,28348
4224,27561
4225,27551
4226,27544
4227,27540
4228,27550
4229,27534
4230,27542
4231,27522
4232,27526
4233,27514
4234,27515
4235,27500
4236,27499
4237,27482
4238,27490
4239,27558
4240,27572
4241,27568
4242,27583
4243,27577
4244,27584
4245,27462
4246,27597
4247,27453
4248,25277
4249,25278
4250,25269
4251,24209
4252,24206
4253,24205
4254,24207
4255,24203
4256,24200
4257,24212
4258,24201
4259,24211
4260,24218
4261,24216
4262,24199
4263,24191
4264,24196
4265,24197
4266,24181
4267,24180
4268,24190
4269,24189
4270,24222
4271,24288
4272,24286
4273,24285
4274,24291
4275,24277
4276,24282
4277,24492
4278,24487
4279,24478
4280,24483
4281,24489
4282,24490
4283,24480
4284,24493
4285,24279
4286,24275
4287,24253
4288,24252
4289,24494
4290,24495
4291,24510
4292,24503
4293,24516
4294,24500
4295,24517
4296,24496
4297,24508
4298,24170
4299,24174
4300,24165
4301,24169
4302,24176
4303,24546
4304,24543
4305,24536
4306,24520
4307,24549
4308,24551
4309,24542
4310,24545
4311,24557
4312,24260
4313,24452
4314,24454
4315,24273
4316,24735
4317,24730
4318,27446
4319,27435
4320,25759
4321,25778
4322,25766
4323,25808
4324,25818
4325,25812
4326,25828
4327,25857
4328,25836
4329,27316
4330,27307
4331,27285
4332,27242
4333,27270
4334,27291
4335,27296
4336,27226
4337,27191
4338,27203
4339,27210
4340,27218
4341,27137
4342,27147
4343,27179
4344,27175
4345,27180
4346,25856
4347,27388
4348,27116
4349,27119
4350,27124
4351,27132
4352,27099
4353,27069
4354,27081
4355,27048
4356,27049
4357,27050
4358,27051
4359,27080
4360,28415
4361,27364
4362,27365
4363,27363
4364,27362
4365,27349
4366,27360
4367,27348
4368,27359
4369,27351
4370,27336
4371,27343
4372,27325
4373,27332
4374,27340
4375,27331
4376,25872
4377,25873
4378,28311
4379,28317
4380,28272
4381,28284
4382,28290
4383,24292
4384,28269
4385,24806
4386,24810
4387,28263
4388,28244
4389,28247
4390,28250
4391,24816
4392,28238
4393,24413
4394,24414
4395,24420
4396,24828
4397,24830
4398,24832
4399,24438
4400,24428
4401,24431
4402,24442
4403,24446
4404,26513
4405,26509
4406,26511
4407,26496
4408,26497
4409,26493
4410,26490
4411,26489
4412,28195
4413,28191
4414,28181
4415,28182
4416,28171
4417,28185
4418,28209
4419,28212
4420,28210
4421,28165
4422,28166
4423,28167
4424,28150
4425,28149
4426,28156
4427,28157
4428,28106
4429,28122
4430,28133
4431,26274
4432,26599
4433,26590
4434,26592
4435,26245
4436,26243
4437,26240
4438,26284
4439,26297
4440,26295
4441,28076
4442,28063
4443,28059
4444,28087
4445,28084
4446,25364
4447,28021
4448,27984
4449,27997
4450,27996
4451,27924
4452,27930
4453,27928
4454,27926
4455,25899
4456,25898
4457,27945
4458,27944
4459,27948
4460,28424
4461,27879
4462,25929
4463,25938
4464,27841
4465,27836
4466,27852
4467,27901
4468,27888
4469,25955
4470,25963
4471,27782
4472,27801
4473,25419
4474,25436
4475,25431
4476,25445
4477,24653
4478,24678
4479,24692
4480,27906
4481,27865
4482,27917
4483,27754
4484,27730
4485,27751
4486,27745
4487,27698
4488,27717
4489,27667
4490,27676
4491,27725
4492,24339
4493,24347
4494,27626
4495,27645
4496,24889
4497,24911
4498,24908
4499,24914
4500,24345
4501,24357
4502,24750
4503,24765
4504,24741
4505,24744
4506,24745
4507,24778
4508,24782
4509,24787
4510,24307
4511,24320
4512,24874
4513,24878
4514,24848
4515,24857
4516,24863
4517,24862
4518,24842
4519,25010
4520,25009
4521,25008
4522,25003
4523,25002
4524,25000
4525,24980
4526,24986
4527,24984
4528,24972
4529,24945
4530,24956
4531,25063
4532,25076
4533,25149
4534,25156
4535,25150
4536,25162
4537,25172
4538,25086
4539,25470
4540,25476
4541,25484
4542,25507
4543,25121
4544,25119
4545,25113
4546,25104
4547,25126
4548,25294
4549,25305
4550,25301
4551,25016
4552,25023
4553,25031
4554,25541
4555,25554
4556,26235
4557,26210
4558,25179
4559,25212
4560,25239
4561,26400
4562,26410
4563,26387
4564,26414
4565,26413
4566,26377
4567,26396
4568,26385
4569,26444
4570,26427
4571,24603
4572,24593
4573,24596
4574,24615
4575,24637
4576,24638
4577,25989
4578,25992
4579,25998
4580,26000
4581,25997
4582,26004
4583,26006
4584,24582
4585,26051
4586,26053
4587,26063
4588,26045
4589,26032
4590,26023
4591,26016
4592,26011
4593,26074
4594,26076
4595,26078
4596,24396
4597,24362
4598,24393
4599,26113
4600,26102
4601,26101
4602,26106
4603,25536
4604,25530
4605,25529
4606,25519
4607,26148
4608,26120
4609,26122
4610,26152
4611,26151
4612,26188
4613,26190
4614,26197
4615,26185
4616,25574
4617,25572
4618,25570
4619,25571
4620,25567
4621,25566
4622,25576
4623,25564
4624,25575
4625,29573
4626,29570
4627,29568
4628,29576
4629,28814
4630,28784
4631,28783
4632,28758
4633,28842
4634,28836
4635,28833
4636,28449
4637,28448
4638,28828
4639,28894
4640,28860
4641,28866
4642,28873
4643,28885
4644,28901
4645,28899
4646,28882
4647,28983
4648,28980
4649,28997
4650,28990
4651,28987
4652,28993
4653,28650
4654,28649
4655,28630
4656,28609
4657,28625
4658,28595
4659,28721
4660,28719
4661,28707
4662,28710
4663,28694
4664,28580
4665,28536
4666,28527
4667,28542
4668,28528
4669,28511
4670,30742
4671,30679
4672,30675
4673,30659
4674,30615
4675,30611
4676,30638
4677,30628
4678,30629
4679,30637
4680,30708
4681,30871
4682,30976
4683,30983
4684,30979
4685,30977
4686,31192
4687,31201
4688,31183
4689,31182
4690,31189
4691,31439
4692,31446
4693,31448
4694,30592
4695,30587
4696,30564
4697,31103
4698,31126
4699,31125
4700,31131
4701,31135
4702,31137
4703,31160
4704,31100
4705,31079
4706,31380
4707,30863
4708,30520
4709,30473
4710,30470
4711,30387
4712,30386
4713,30379
4714,30398
4715,30967
4716,30968
4717,30960
4718,30331
4719,30325
4720,30309
4721,30367
4722,30788
4723,30787
4724,30811
4725,30949
4726,30897
4727,28672
4728,28673
4729,28689
4730,28470
4731,28455
4732,28463
4733,28468
4734,29070
4735,29046
4736,28752
4737,29036
4738,29049
4739,29028
4740,29530
4741,29526
4742,29515
4743,29510
4744,28961
4745,28924
4746,28931
4747,28918
4748,28921
4749,28910
4750,28908
4751,29015
4752,31900
4753,31896
4754,31863
4755,31884
4756,31867
4757,31862
4758,31870
4759,31869
4760,31882
4761,31887
4762,31893
4763,31830
4764,31816
4765,31833
4766,31889
4767,31793
4768,31766
4769,31748
4770,31763
4771,31772
4772,31719
4773,31718
4774,31717
4775,31703
4776,31683
4777,31737
4778,31686
4779,31650
4780,31657
4781,31653
4782,33610
4783,31623
4784,31633
4785,31628
4786,31634
4787,31617
4788,31616
4789,31600
4790,31563
4791,31547
4792,31554
4793,29080
4794,29107
4795,29083
4796,29085
4797,29101
4798,29088
4799,31545
4800,31537
4801,31512
4802,31515
4803,31513
4804,31507
4805,31502
4806,31510
4807,31493
4808,31925
4809,31917
4810,31912
4811,29138
4812,29135
4813,29149
4814,29154
4815,29143
4816,29150
4817,29153
4818,29163
4819,29161
4820,29162
4821,29156
4822,29125
4823,29129
4824,29126
4825,31482
4826,31474
4827,31461
4828,31459
4829,31452
4830,29181
4831,29168
4832,29171
4833,29172
4834,29739
4835,29188
4836,29734
4837,29718
4838,29216
4839,29225
4840,29212
4841,29708
4842,29709
4843,29254
4844,29249
4845,29247
4846,29244
4847,29235
4848,29243
4849,29241
4850,29232
4851,29257
4852,29687
4853,29866
4854,33568
4855,33545
4856,32508
4857,33304
4858,33336
4859,33332
4860,33338
4861,29799
4862,29783
4863,29773
4864,32493
4865,32463
4866,32041
4867,32036
4868,32164
4869,33084
4870,33091
4871,33131
4872,33132
4873,32326
4874,32322
4875,32317
4876,32336
4877,33042
4878,33041
4879,33028
4880,33038
4881,33054
4882,33060
4883,33011
4884,33004
4885,33008
4886,33010
4887,32997
4888,33005
4889,33017
4890,32539
4891,32542
4892,32962
4893,32970
4894,32977
4895,33501
4896,33525
4897,33517
4898,32931
4899,32529
4900,32515
4901,32518
4902,32272
4903,33466
4904,33488
4905,32885
4906,32900
4907,33445
4908,32833
4909,29966
4910,30012
4911,29311
4912,29336
4913,29630
4914,29582
4915,29593
4916,29610
4917,29644
4918,29345
4919,29643
4920,29651
4921,29639
4922,32152
4923,32116
4924,32145
4925,32121
4926,32112
4927,32138
4928,32101
4929,32111
4930,32105
4931,32129
4932,32094
4933,32095
4934,33140
4935,33156
4936,33153
4937,33142
4938,33143
4939,33149
4940,33158
4941,33152
4942,33165
4943,32426
4944,32411
4945,32413
4946,32436
4947,29948
4948,29902
4949,29901
4950,29926
4951,29943
4952,29888
4953,29376
4954,29474
4955,29461
4956,29463
4957,29455
4958,29482
4959,29480
4960,29477
4961,29483
4962,29475
4963,29465
4964,29469
4965,29413
4966,29437
4967,29427
4968,29406
4969,29414
4970,29410
4971,29398
4972,29407
4973,29434
4974,29425
4975,29449
4976,32378
4977,32783
4978,32733
4979,32751
4980,30186
4981,30182
4982,32700
4983,32687
4984,32682
4985,32689
4986,32607
4987,32592
4988,32604
4989,32581
4990,32616
4991,33253
4992,33258
4993,33260
4994,33262
4995,33274
4996,33273
4997,33243
4998,30241
4999,30265
5000,31016
5001,31020
5002,31022
5003,30119
5004,30120
5005,30058
5006,30068
5007,30067
5008,30085
5009,30077
5010,30037
5011,30081
5012,30105
5013,31296
5014,31006
5015,31012
5016,31249
5017,31258
5018,31269
5019,31272
5020,31300
5021,31338
5022,31327
5023,31210
5024,31223
5025,35792
5026,35780
5027,35781
5028,35785
5029,35776
5030,35777
5031,35760
5032,35751
5033,35227
5034,35240
5035,35226
5036,35231
5037,35230
5038,35232
5039,35239
5040,35244
5041,35252
5042,35747
5043,35289
5044,35270
5045,35333
5046,35943
5047,35934
5048,35933
5049,35929
5050,35920
5051,35915
5052,35950
5053,35375
5054,35374
5055,35398
5056,35953
5057,35985
5058,35975
5059,35400
5060,35406
5061,35408
5062,35409
5063,35425
5064,35434
5065,35441
5066,35008
5067,35026
5068,35017
5069,35045
5070,35039
5071,35036
5072,35048
5073,35066
5074,35060
5075,35051
5076,35080
5077,35116
5078,35109
5079,35138
5080,35139
5081,35143
5082,35085
5083,35908
5084,35909
5085,35907
5086,35091
5087,35840
5088,35826
5089,35854
5090,34302
5091,34310
5092,34311
5093,34313
5094,34308
5095,34316
5096,34318
5097,34325
5098,34326
5099,34327
5100,34328
5101,34335
5102,34337
5103,34352
5104,34411
5105,34405
5106,34421
5107,34420
5108,34422
5109,34409
5110,34423
5111,34424
5112,34426
5113,34428
5114,34429
5115,34661
5116,34660
5117,34646
5118,34648
5119,34650
5120,34654
5121,34692
5122,34653
5123,34655
5124,34658
5125,34662
5126,34666
5127,34671
5128,34668
5129,34673
5130,34672
5131,34676
5132,34682
5133,34680
5134,34690
5135,34693
5136,34695
5137,34445
5138,34634
5139,34644
5140,34627
5141,34452
5142,34477
5143,34460
5144,34457
5145,34469
5146,34473
5147,34762
5148,34382
5149,34380
5150,34386
5151,34398
5152,34396
5153,34391
5154,34401
5155,34366
5156,34362
5157,34361
5158,34359
5159,34356
5160,34768
5161,34504
5162,37689
5163,37495
5164,37469
5165,37494
5166,37435
5167,37428
5168,37436
5169,37445
5170,37421
5171,37406
5172,37403
5173,37398
5174,37368
5175,37371
5176,37378
5177,37379
5178,37334
5179,37332
5180,37318
5181,37323
5182,37301
5183,37307
5184,37293
5185,37347
5186,36711
5187,37288
5188,37081
5189,37082
5190,37058
5191,37016
5192,37036
5193,36986
5194,36992
5195,36960
5196,37250
5197,37266
5198,37230
5199,37209
5200,37203
5201,37198
5202,37125
5203,37112
5204,37137
5205,33633
5206,33672
5207,33656
5208,33668
5209,33638
5210,33646
5211,33876
5212,33880
5213,33858
5214,33674
5215,33710
5216,33677
5217,33676
5218,36915
5219,36928
5220,36941
5221,37553
5222,37554
5223,37552
5224,37542
5225,36904
5226,36894
5227,36890
5228,37647
5229,37659
5230,37658
5231,37661
5232,37619
5233,37630
5234,37624
5235,37638
5236,37627
5237,37629
5238,34254
5239,34283
5240,34284
5241,34287
5242,34273
5243,34278
5244,34279
5245,34274
5246,34281
5247,34258
5248,36863
5249,36873
5250,36837
5251,36842
5252,36844
5253,36816
5254,36810
5255,36773
5256,36802
5257,36761
5258,36754
5259,37756
5260,35146
5261,35175
5262,35186
5263,35182
5264,35193
5265,35187
5266,35192
5267,35201
5268,35209
5269,35211
5270,35218
5271,35206
5272,35147
5273,35148
5274,37578
5275,37561
5276,37564
5277,37569
5278,37570
5279,37571
5280,37565
5281,37562
5282,37585
5283,37595
5284,33771
5285,33777
5286,33764
5287,33768
5288,33766
5289,33775
5290,33756
5291,33759
5292,33778
5293,33790
5294,33785
5295,33784
5296,33787
5297,33797
5298,36687
5299,36688
5300,36653
5301,36662
5302,36670
5303,36654
5304,36660
5305,36659
5306,36667
5307,36668
5308,36631
5309,36610
5310,36616
5311,36617
5312,36612
5313,36627
5314,36640
5315,36598
5316,36580
5317,36577
5318,36557
5319,36515
5320,34922
5321,33840
5322,33842
5323,33851
5324,36256
5325,36247
5326,36254
5327,36221
5328,36214
5329,36209
5330,36231
5331,36192
5332,36166
5333,36167
5334,36165
5335,33736
5336,33743
5337,33742
5338,33748
5339,33750
5340,33751
5341,33752
5342,33753
5343,33801
5344,33800
5345,33809
5346,33813
5347,33957
5348,33954
5349,33966
5350,33976
5351,34716
5352,34989
5353,34983
5354,34987
5355,34995
5356,34938
5357,34939
5358,34697
5359,34706
5360,34702
5361,34703
5362,34715
5363,34739
5364,35458
5365,35466
5366,35467
5367,35464
5368,35459
5369,35501
5370,35498
5371,35499
5372,35513
5373,35585
5374,35587
5375,35605
5376,35598
5377,35618
5378,35655
5379,35652
5380,35649
5381,35662
5382,37709
5383,37722
5384,37712
5385,36260
5386,36268
5387,36281
5388,36277
5389,36272
5390,36286
5391,36108
5392,36111
5393,36041
5394,36021
5395,36033
5396,36035
5397,36134
5398,36135
5399,36137
5400,36146
5401,36153
5402,34016
5403,36117
5404,34014
5405,34026
5406,34036
5407,34037
5408,34032
5409,36317
5410,36320
5411,34141
5412,34045
5413,34054
5414,36005
5415,36008
5416,36019
5417,35994
5418,36000
5419,36083
5420,36081
5421,36075
5422,36090
5423,36077
5424,36054
5425,36048
5426,36049
5427,34787
5428,34818
5429,34822
5430,34826
5431,34825
5432,34824
5433,34147
5434,34151
5435,34179
5436,34175
5437,34160
5438,34176
5439,34166
5440,34181
5441,34191
5442,34189
5443,34190
5444,34198
5445,34196
5446,36462
5447,36472
5448,36461
5449,36474
5450,36467
5451,36477
5452,36486
5453,33832
5454,33831
5455,34201
5456,34205
5457,34207
5458,35713
5459,34241
5460,35007
5461,34242
5462,34063
5463,34075
5464,34089
5465,34090
5466,34101
5467,34109
5468,34122
5469,34127
5470,34834
5471,34859
5472,34836
5473,34835
5474,34838
5475,34849
5476,34889
5477,34895
5478,34894
5479,34892
5480,34609
5481,34590
5482,34617
5483,34544
5484,34530
5485,34531
5486,34557
5487,34554
5488,34578
5489,34577
5490,34546
5491,34621
5492,36422
5493,36418
5494,36427
5495,36400
5496,35672
5497,35668
5498,35689
5499,35685
5500,36340
5501,36330
5502,36343
5503,36386
5504,39383
5505,39391
5506,39431
5507,39396
5508,39444
5509,39559
5510,39453
5511,39446
5512,39435
5513,39463
5514,39491
5515,39472
5516,39494
5517,39484
5518,41128
5519,41159
5520,41131
5521,41196
5522,41026
5523,41038
5524,41051
5525,41060
5526,41053
5527,41054
5528,41070
5529,41072
5530,41074
5531,39332
5532,39352
5533,37771
5534,37804
5535,37817
5536,37827
5537,37900
5538,37914
5539,37909
5540,37925
5541,37943
5542,37939
5543,37953
5544,37845
5545,37852
5546,38001
5547,37880
5548,37865
5549,37856
5550,38251
5551,38249
5552,38263
5553,38269
5554,38283
5555,38308
5556,38074
5557,38073
5558,38057
5559,38071
5560,38051
5561,38054
5562,38059
5563,38090
5564,38095
5565,38060
5566,38062
5567,38091
5568,38098
5569,38120
5570,38105
5571,38106
5572,38115
5573,38126
5574,38141
5575,38145
5576,38132
5577,38146
5578,38142
5579,38169
5580,38177
5581,38157
5582,38018
5583,38019
5584,38017
5585,38023
5586,38020
5587,38191
5588,38185
5589,38188
5590,38186
5591,38183
5592,38195
5593,38200
5594,38205
5595,38208
5596,38209
5597,38207
5598,38028
5599,38033
5600,38222
5601,38223
5602,39302
5603,39309
5604,39317
5605,38390
5606,38382
5607,38387
5608,38441
5609,38431
5610,38422
5611,38430
5612,38535
5613,38569
5614,38607
5615,38604
5616,38678
5617,38585
5618,38589
5619,38680
5620,38719
5621,38768
5622,38769
5623,38497
5624,38502
5625,38498
5626,38696
5627,38708
5628,38706
5629,38692
5630,38695
5631,38694
5632,38700
5633,38718
5634,38716
5635,38704
5636,38713
5637,38709
5638,38747
5639,38751
5640,38757
5641,38755
5642,38752
5643,38351
5644,38343
5645,38340
5646,38329
5647,38330
5648,38331
5649,38350
5650,38316
5651,38341
5652,38348
5653,38332
5654,38333
5655,38353
5656,38337
5657,38335
5658,38334
5659,38354
5660,38324
5661,38346
5662,38314
5663,38339
5664,38315
5665,38317
5666,38774
5667,38773
5668,38784
5669,38798
5670,41607
5671,41613
5672,41602
5673,41663
5674,41686
5675,41668
5676,41683
5677,41662
5678,39912
5679,39908
5680,39923
5681,39600
5682,39594
5683,39624
5684,39616
5685,39635
5686,39612
5687,39755
5688,39809
5689,39854
5690,39852
5691,39851
5692,39839
5693,39859
5694,39818
5695,39651
5696,39681
5697,39670
5698,39767
5699,39772
5700,39769
5701,39786
5702,39787
5703,39873
5704,39886
5705,39897
5706,39895
5707,39822
5708,39823
5709,39825
5710,39964
5711,39061
5712,39064
5713,39093
5714,39088
5715,39110
5716,39121
5717,39108
5718,40131
5719,40140
5720,40147
5721,40138
5722,40155
5723,40254
5724,40258
5725,40269
5726,40260
5727,40255
5728,40251
5729,40159
5730,40165
5731,40031
5732,40027
5733,40045
5734,40026
5735,40059
5736,40058
5737,40074
5738,40089
5739,40092
5740,39138
5741,39154
5742,38845
5743,40191
5744,40198
5745,40207
5746,40208
5747,40367
5748,40373
5749,40401
5750,40409
5751,40227
5752,40237
5753,40241
5754,40317
5755,40346
5756,40313
5757,40316
5758,40328
5759,40310
5760,40349
5761,40354
5762,40359
5763,40361
5764,40362
5765,40364
5766,40365
5767,40391
5768,40385
5769,40464
5770,40471
5771,40526
5772,40531
5773,40513
5774,40512
5775,40578
5776,40537
5777,40595
5778,40599
5779,40550
5780,40645
5781,40697
5782,40679
5783,40696
5784,40715
5785,40621
5786,40825
5787,40835
5788,40756
5789,40762
5790,40771
5791,40789
5792,40788
5793,40759
5794,40787
5795,40768
5796,40769
5797,40765
5798,40758
5799,40757
5800,40764
5801,40754
5802,40780
5803,40784
5804,40786
5805,40776
5806,40781
5807,40773
5808,40790
5809,40775
5810,40885
5811,41111
5812,40904
5813,40920
5814,40928
5815,40943
5816,40936
5817,40946
5818,40938
5819,40939
5820,41092
5821,41096
5822,39193
5823,39198
5824,39188
5825,39191
5826,39195
5827,39202
5828,39224
5829,39223
5830,38896
5831,38901
5832,38900
5833,38898
5834,38919
5835,38961
5836,38955
5837,38954
5838,38958
5839,38971
5840,38960
5841,38976
5842,38925
5843,38928
5844,38940
5845,38981
5846,39014
5847,38995
5848,41706
5849,39012
5850,39003
5851,41530
5852,41526
5853,41529
5854,41487
5855,41489
5856,41491
5857,41516
5858,41511
5859,41512
5860,41514
5861,41493
5862,41518
5863,41521
5864,41537
5865,39247
5866,39257
5867,40952
5868,40953
5869,40958
5870,40957
5871,40961
5872,40967
5873,40971
5874,39263
5875,39293
5876,39295
5877,39026
5878,39167
5879,39523
5880,39527
5881,39575
5882,39584
5883,40994
5884,41006
5885,41542
5886,41555
5887,41242
5888,41290
5889,41253
5890,41313
5891,41308
5892,41335
5893,41312
5894,41323
5895,41359
5896,41364
5897,41368
5898,41358
5899,41357
5900,41369
5901,41337
5902,41386
5903,41402
5904,41433
5905,41399
5906,41415
5907,41453
5908,41476
5909,39174
5910,39176
5911,39179
5912,39186
5913,38978
5914,39032
5915,39039
5916,38818
5917,42375
5918,42374
5919,42377
5920,42383
5921,42384
5922,42379
5923,42334
5924,42362
5925,42319
5926,42306
5927,42327
5928,42314
5929,42313
5930,42346
5931,42347
5932,42366
5933,42364
5934,42363
5935,42367
5936,42290
5937,42292
5938,42302
5939,42303
5940,42296
5941,42361
5942,42238
5943,42239
5944,42217
5945,42236
5946,42240
5947,42242
5948,42224
5949,42220
5950,42226
5951,42227
5952,42249
5953,42246
5954,42245
5955,42253
5956,42233
5957,42269
5958,42271
5959,42262
5960,42257
5961,42263
5962,42267
5963,42272
5964,42266
5965,42250
5966,42700
5967,42177
5968,42171
5969,42194
5970,42197
5971,42193
5972,42210
5973,42282
5974,42284
5975,42286
5976,42276
5977,42145
5978,42152
5979,42143
5980,42146
5981,42154
5982,42144
5983,42158
5984,42125
5985,42129
5986,42132
5987,42096
5988,42097
5989,42123
5990,42095
5991,42099
5992,42071
5993,42063
5994,42033
5995,42041
5996,42040
5997,42045
5998,42085
5999,42092
6000,42030
6001,41751
6002,42525
6003,42526
6004,42535
6005,42527
6006,42545
6007,42541
6008,42546
6009,42542
6010,42551
6011,42552
6012,42502
6013,42508
6014,42504
6015,42466
6016,42445
6017,42446
6018,42447
6019,42464
6020,42465
6021,42455
6022,42429
6023,42472
6024,42477
6025,42599
6026,42614
6027,42647
6028,42633
6029,42642
6030,42665
6031,42660
6032,42669
6033,42418
6034,42395
6035,42396
6036,41858
6037,41939
6038,41937
6039,42741
6040,42731
6041,42744
6042,42742
6043,42743
6044,42733
6045,42802
6046,42801
6047,42797
6048,42799
6049,42792
6050,42798
6051,42796
6052,42740
6053,42713
6054,42717
6055,42804
6056,42795
6057,42775
6058,42780
6059,42781
6060,42772
6061,42721
6062,42720
6063,42715
6064,42716
6065,42714
6066,42710
6067,42712
6068,42857
6069,42833
6070,42856
6071,42854
6072,42830
6073,42840
6074,42839
6075,42838
6076,42836
6077,42845
6078,42820
6079,42835
6080,42834
6081,42719
6082,42783
6083,42784
6084,42782
6085,42773
6086,42718
6087,42892
6088,42901
6089,42888
6090,42911
6091,42907
6092,42910
6093,42887
6094,42899
6095,42897
6096,42898
6097,42895
6098,42873
6099,42894
6100,42870
6101,42871
6102,42863
6103,42880
6104,42881
6105,42875
6106,42877
6107,42900
6108,42893
6109,42756
6110,42750
6111,42947
6112,42938
6113,42933
6114,42932
6115,42928
6116,42937
6117,42935
6118,42943
6119,42942
6120,42924
6121,42918
6122,42923
6123,42917
6124,42914
6125,43324
6126,43367
6127,43366
6128,42810
6129,43347
6130,43350
6131,43370
6132,43364
6133,43345
6134,43358
6135,42950
6136,42955
6137,42957
6138,42951
6139,42954
6140,43489
6141,43491
6142,43962
6143,43963
6144,43960
6145,43502
6146,43501
6147,43503
6148,43486
6149,43485
6150,42972
6151,42965
6152,42971
6153,42968
6154,42976
6155,42986
6156,42983
6157,42984
6158,42988
6159,43464
6160,43461
6161,43462
6162,43463
6163,43454
6164,43946
6165,43949
6166,43950
6167,43948
6168,43941
6169,43439
6170,43442
6171,43342
6172,43336
6173,44639
6174,44652
6175,44651
6176,44635
6177,44631
6178,44622
6179,44621
6180,44608
6181,44613
6182,44610
6183,44603
6184,44600
6185,44582
6186,43585
6187,43581
6188,43583
6189,43612
6190,43586
6191,43599
6192,43613
6193,44519
6194,44523
6195,44467
6196,44469
6197,44475
6198,44499
6199,44498
6200,44503
6201,44501
6202,44505
6203,44504
6204,44552
6205,44531
6206,44535
6207,44574
6208,44563
6209,44440
6210,44411
6211,44431
6212,44412
6213,44420
6214,44429
6215,44438
6216,43966
6217,43426
6218,43415
6219,43413
6220,43416
6221,43400
6222,43376
6223,43390
6224,43399
6225,43971
6226,43983
6227,43984
6228,43977
6229,44002
6230,43992
6231,43994
6232,43060
6233,43079
6234,43085
6235,43084
6236,43067
6237,43039
6238,43045
6239,43074
6240,43051
6241,43073
6242,43033
6243,43035
6244,43026
6245,43030
6246,43061
6247,43310
6248,43294
6249,44403
6250,44404
6251,44374
6252,44388
6253,44405
6254,44368
6255,44397
6256,43305
6257,43162
6258,43170
6259,43172
6260,43169
6261,43168
6262,43171
6263,43174
6264,44108
6265,44081
6266,44077
6267,44093
6268,44056
6269,44066
6270,44067
6271,44073
6272,44087
6273,44098
6274,44109
6275,44019
6276,44037
6277,44014
6278,44025
6279,44026
6280,44043
6281,44032
6282,44132
6283,44052
6284,44055
6285,44064
6286,44062
6287,44103
6288,44128
6289,44060
6290,44061
6291,44071
6292,44124
6293,44126
6294,43013
6295,43015
6296,43020
6297,43018
6298,43022
6299,43016
6300,43011
6301,43008
6302,43000
6303,43477
6304,43475
6305,43468
6306,42996
6307,43471
6308,43467
6309,43904
6310,43914
6311,43657
6312,43699
6313,43712
6314,43717
6315,43711
6316,43718
6317,43706
6318,43736
6319,43737
6320,43724
6321,43746
6322,43867
6323,43750
6324,43753
6325,43754
6326,43760
6327,43770
6328,43839
6329,43851
6330,43848
6331,43832
6332,43861
6333,43782
6334,43806
6335,43572
6336,43575
6337,43552
6338,44311
6339,44312
6340,44300
6341,44309
6342,0
6343,44310
6344,44315
6345,44317
6346,44307
6347,44286
6348,44285
6349,44290
6350,44292
6351,44293
6352,44297
6353,44302
6354,44341
6355,44252
6356,44244
6357,44245
6358,44246
6359,44247
6360,44254
6361,44260
6362,44258
6363,44262
6364,44263
6365,44266
6366,44267
6367,44268
6368,44237
6369,44208
6370,44214
6371,44215
6372,44223
6373,44229
6374,44143
6375,43215
6376,43521
6377,43518
6378,43515
6379,43539
6380,43540
6381,43185
6382,43184
6383,43236
6384,44356
6385,44359
6386,45539
6387,45538
6388,46278
6389,46275
6390,46264
6391,45022
6392,46261
6393,45494
6394,45503
6395,46260
6396,46245
6397,46242
6398,46236
6399,46247
6400,45473
6401,46229
6402,46230
6403,46183
6404,46187
6405,46206
6406,46222
6407,46211
6408,46201
6409,45447
6410,45437
6411,45372
6412,45862
6413,45767
6414,45736
6415,45735
6416,45727
6417,45681
6418,44844
6419,44846
6420,44827
6421,44806
6422,44821
6423,44829
6424,44830
6425,45656
6426,44837
6427,44809
6428,44838
6429,44840
6430,44841
6431,44836
6432,44752
6433,44756
6434,44775
6435,44733
6436,44776
6437,44777
6438,45625
6439,45548
6440,45583
6441,45576
6442,45564
6443,45611
6444,45612
6445,46283
6446,46284
6447,46285
6448,46291
6449,46290
6450,46289
6451,46095
6452,46111
6453,46084
6454,46065
6455,46058
6456,44693
6457,44690
6458,44723
6459,44731
6460,44709
6461,44703
6462,46013
6463,46019
6464,46048
6465,46042
6466,46026
6467,46035
6468,45969
6469,45979
6470,45982
6471,45930
6472,45997
6473,45954
6474,45926
6475,45884
6476,45894
6477,45013
6478,45019
6479,45017
6480,45014
6481,45005
6482,45003
6483,44981
6484,45879
6485,44977
6486,44972
6487,44967
6488,44935
6489,44939
6490,44955
6491,44943
6492,44947
6493,44952
6494,44937
6495,44936
6496,44933
6497,44958
6498,44921
6499,44917
6500,44913
6501,44895
6502,45338
6503,45347
6504,45351
6505,45349
6506,45334
6507,45313
6508,45324
6509,45318
6510,46173
6511,46180
6512,46347
6513,46310
6514,46325
6515,46329
6516,46343
6517,46346
6518,46349
6519,46350
6520,46344
6521,46305
6522,45295
6523,45286
6524,45235
6525,45234
6526,45233
6527,45236
6528,45239
6529,45256
6530,45259
6531,45260
6532,45255
6533,45258
6534,45176
6535,45180
6536,45188
6537,45193
6538,45201
6539,45209
6540,45203
6541,45218
6542,45216
6543,45294
6544,45309
6545,45301
6546,45290
6547,45287
6548,45303
6549,45121
6550,45134
6551,45136
6552,45142
6553,45145
6554,45148
6555,45146
6556,45103
6557,45105
6558,45118
6559,45088
6560,44850
6561,45043
6562,45046
6563,46706
6564,46701
6565,46700
6566,46699
6567,46689
6568,46683
6569,46685
6570,46675
6571,46665
6572,46655
6573,46722
6574,46713
6575,46720
6576,46711
6577,46710
6578,46565
6579,46562
6580,46566
6581,46561
6582,46594
6583,46595
6584,46602
6585,46407
6586,46406
6587,46411
6588,46410
6589,46616
6590,46612
6591,46613
6592,46627
6593,46946
6594,46945
6595,46949
6596,46944
6597,46936
6598,46943
6599,46930
6600,46984
6601,46981
6602,46980
6603,46987
6604,46986
6605,46964
6606,46962
6607,46973
6608,46972
6609,46961
6610,46970
6611,46988
6612,47011
6613,47015
6614,47034
6615,47031
6616,47023
6617,47026
6618,47028
6619,47027
6620,47020
6621,47044
6622,47042
6623,47040
6624,47043
6625,47047
6626,47048
6627,47050
6628,47053
6629,47056
6630,46999
6631,46992
6632,47078
6633,47071
6634,47069
6635,47084
6636,47081
6637,47110
6638,47106
6639,46417
6640,47322
6641,47315
6642,47296
6643,47299
6644,47289
6645,47270
6646,47293
6647,46507
6648,46505
6649,46518
6650,46528
6651,46527
6652,46512
6653,46631
6654,46633
6655,46638
6656,46644
6657,46650
6658,46500
6659,46457
6660,46461
6661,46463
6662,46477
6663,46484
6664,46493
6665,46488
6666,47684
6667,47688
6668,47687
6669,47678
6670,47086
6671,47587
6672,47588
6673,47766
6674,47329
6675,47349
6676,47348
6677,47603
6678,47113
6679,47124
6680,47739
6681,46750
6682,46751
6683,46752
6684,46748
6685,46747
6686,46746
6687,46728
6688,47158
6689,47157
6690,47155
6691,47151
6692,47153
6693,47156
6694,47141
6695,47144
6696,47143
6697,46784
6698,46785
6699,46788
6700,46783
6701,46782
6702,46778
6703,46776
6704,46796
6705,46775
6706,46767
6707,46768
6708,46770
6709,46763
6710,46762
6711,46760
6712,47629
6713,47623
6714,47627
6715,47622
6716,47672
6717,47671
6718,47201
6719,47223
6720,47210
6721,47267
6722,47197
6723,47256
6724,47172
6725,47169
6726,47168
6727,47174
6728,47246
6729,47245
6730,47235
6731,47236
6732,47239
6733,47241
6734,47244
6735,47473
6736,47456
6737,47471
6738,47476
6739,47429
6740,47464
6741,47376
6742,47362
6743,47395
6744,47404
6745,46878
6746,46877
6747,46876
6748,46886
6749,46874
6750,46846
6751,46845
6752,46844
6753,46868
6754,46869
6755,46864
6756,46866
6757,46867
6758,46884
6759,46883
6760,46889
6761,46888
6762,46887
6763,46830
6764,46829
6765,46826
6766,46827
6767,46823
6768,46801
6769,46807
6770,46840
6771,46803
6772,46815
6773,46839
6774,46841
6775,46842
6776,46835
6777,46832
6778,46813
6779,46806
6780,46800
6781,46820
6782,46799
6783,47559
6784,47560
6785,47655
6786,47666
6787,47667
6788,47650
6789,47497
6790,47494
6791,46901
6792,46912
6793,51870
6794,51866
6795,51865
6796,51873
6797,51847
6798,51829
6799,51835
6800,51790
6801,51809
6802,51812
6803,51818
6804,51886
6805,50694
6806,50708
6807,50707
6808,50715
6809,50611
6810,50614
6811,50617
6812,50620
6813,50615
6814,50624
6815,50623
6816,50622
6817,50607
6818,50605
6819,50632
6820,50633
6821,50636
6822,50629
6823,50644
6824,50641
6825,50639
6826,50666
6827,50665
6828,50569
6829,50563
6830,50576
6831,50502
6832,50519
6833,50515
6834,51727
6835,51674
6836,51673
6837,51690
6838,51697
6839,52516
6840,52526
6841,52498
6842,52494
6843,52493
6844,52501
6845,52597
6846,52605
6847,52539
6848,51455
6849,51466
6850,51447
6851,52484
6852,52481
6853,52477
6854,52487
6855,52489
6856,52475
6857,51644
6858,51492
6859,51634
6860,51490
6861,51413
6862,51412
6863,51417
6864,51420
6865,51409
6866,51429
6867,51435
6868,51424
6869,51440
6870,51439
6871,51438
6872,51437
6873,51407
6874,51443
6875,51403
6876,51388
6877,51401
6878,51392
6879,51385
6880,51384
6881,51394
6882,51378
6883,51400
6884,51377
6885,53402
6886,53401
6887,53400
6888,53397
6889,53418
6890,53395
6891,53392
6892,53390
6893,53389
6894,53425
6895,53387
6896,53423
6897,53420
6898,53412
6899,53411
6900,53422
6901,53407
6902,53417
6903,53421
6904,51313
6905,51311
6906,51326
6907,51335
6908,51331
6909,51330
6910,51329
6911,51337
6912,51357
6913,51361
6914,51353
6915,51352
6916,51375
6917,51351
6918,51348
6919,51345
6920,51364
6921,51372
6922,51370
6923,51369
6924,51368
6925,51366
6926,51341
6927,52462
6928,52471
6929,52465
6930,52470
6931,51528
6932,51522
6933,51525
6934,52448
6935,52452
6936,52457
6937,52371
6938,52389
6939,52367
6940,52364
6941,52402
6942,52360
6943,52408
6944,52405
6945,52392
6946,52427
6947,53311
6948,53356
6949,53357
6950,53347
6951,53346
6952,53348
6953,51295
6954,51293
6955,51289
6956,51299
6957,51284
6958,51278
6959,51280
6960,51277
6961,51275
6962,51274
6963,51272
6964,51270
6965,47819
6966,47834
6967,47798
6968,47792
6969,47866
6970,47862
6971,52667
6972,52666
6973,52659
6974,52656
6975,52660
6976,52654
6977,52651
6978,52650
6979,52648
6980,52646
6981,52642
6982,52674
6983,52640
6984,52705
6985,52707
6986,52700
6987,52637
6988,52695
6989,52686
6990,52635
6991,47900
6992,47897
6993,47916
6994,47875
6995,47958
6996,52733
6997,52736
6998,52728
6999,52750
7000,52724
7001,52718
7002,52716
7003,52710
7004,47955
7005,47939
7006,47937
7007,47981
7008,48006
7009,48004
7010,47999
7011,52779
7012,52774
7013,52797
7014,52786
7015,52837
7016,52852
7017,52829
7018,52821
7019,52815
7020,52855
7021,52811
7022,52809
7023,52805
7024,52802
7025,48035
7026,48025
7027,48049
7028,51902
7029,48059
7030,48053
7031,48074
7032,48084
7033,48082
7034,48081
7035,48234
7036,48218
7037,52870
7038,52865
7039,48102
7040,48105
7041,48104
7042,48097
7043,48096
7044,48094
7045,48093
7046,48089
7047,48087
7048,52889
7049,52885
7050,48123
7051,48115
7052,48108
7053,48129
7054,48136
7055,48133
7056,48131
7057,48130
7058,48141
7059,48138
7060,48164
7061,48163
7062,48152
7063,48157
7064,48239
7065,48242
7066,48273
7067,52916
7068,52942
7069,52904
7070,52903
7071,52929
7072,52900
7073,52896
7074,48292
7075,48283
7076,48613
7077,48616
7078,48611
7079,48326
7080,48320
7081,48318
7082,48337
7083,48310
7084,48308
7085,52952
7086,52958
7087,52949
7088,52964
7089,52962
7090,52987
7091,52990
7092,51960
7093,51956
7094,51949
7095,51947
7096,51931
7097,51924
7098,53016
7099,53013
7100,53025
7101,53024
7102,53007
7103,48376
7104,48382
7105,48386
7106,48379
7107,48373
7108,48370
7109,48366
7110,53000
7111,53001
7112,53002
7113,53003
7114,48432
7115,48426
7116,48423
7117,48420
7118,48451
7119,48450
7120,53057
7121,53056
7122,53061
7123,53045
7124,53038
7125,53034
7126,48469
7127,53068
7128,53100
7129,53100
7130,53120
7131,53114
7132,48480
7133,48492
7134,48490
7135,48489
7136,48488
7137,48484
7138,48478
7139,53139
7140,53135
7141,53132
7142,53133
7143,53144
7144,48475
7145,53099
7146,48501
7147,48500
7148,53472
7149,53474
7150,53158
7151,53151
7152,53149
7153,53471
7154,48520
7155,48516
7156,48510
7157,48509
7158,53477
7159,48534
7160,48552
7161,48543
7162,48546
7163,48527
7164,48559
7165,48556
7166,53181
7167,53177
7168,48598
7169,48565
7170,48627
7171,48634
7172,48631
7173,48630
7174,48640
7175,48639
7176,48647
7177,48645
7178,48658
7179,48657
7180,48655
7181,48651
7182,48653
7183,48652
7184,48650
7185,48685
7186,48678
7187,48677
7188,48676
7189,48699
7190,48670
7191,48715
7192,48714
7193,48723
7194,48694
7195,53189
7196,48750
7197,48797
7198,48787
7199,48789
7200,48771
7201,48761
7202,48880
7203,48877
7204,48853
7205,48896
7206,48940
7207,53433
7208,49028
7209,49062
7210,49055
7211,49040
7212,49037
7213,49049
7214,49106
7215,49104
7216,49098
7217,49097
7218,49086
7219,49124
7220,49123
7221,49114
7222,49113
7223,51991
7224,52012
7225,51985
7226,52032
7227,52037
7228,52042
7229,52058
7230,52097
7231,52094
7232,52093
7233,52079
7234,52076
7235,52057
7236,52050
7237,52049
7238,52069
7239,52046
7240,52123
7241,52127
7242,52120
7243,52111
7244,52109
7245,52135
7246,52181
7247,52178
7248,52174
7249,52210
7250,52209
7251,52197
7252,52192
7253,52142
7254,52228
7255,49334
7256,49329
7257,49326
7258,49350
7259,49321
7260,49318
7261,49359
7262,49375
7263,49386
7264,49385
7265,49370
7266,49365
7267,49363
7268,49417
7269,49399
7270,49428
7271,49485
7272,49495
7273,49513
7274,49503
7275,49180
7276,49159
7277,49155
7278,49208
7279,49206
7280,49203
7281,49199
7282,49198
7283,49194
7284,49192
7285,49187
7286,49225
7287,49217
7288,52247
7289,52246
7290,52244
7291,49543
7292,49566
7293,49603
7294,49589
7295,49633
7296,49625
7297,49654
7298,49679
7299,49641
7300,49615
7301,49612
7302,49611
7303,49609
7304,49239
7305,49286
7306,49280
7307,49276
7308,49273
7309,49264
7310,49708
7311,49710
7312,49716
7313,49736
7314,49714
7315,49713
7316,49726
7317,49698
7318,49774
7319,49771
7320,49769
7321,49767
7322,49765
7323,49761
7324,49760
7325,49753
7326,49752
7327,49748
7328,49742
7329,49793
7330,49791
7331,49790
7332,49787
7333,50479
7334,50476
7335,50474
7336,50465
7337,49844
7338,49843
7339,49862
7340,49824
7341,49886
7342,49887
7343,49872
7344,49939
7345,49946
7346,49948
7347,49951
7348,49953
7349,49936
7350,49935
7351,49932
7352,49928
7353,49926
7354,49966
7355,49962
7356,49921
7357,49922
7358,49917
7359,49914
7360,49978
7361,49997
7362,49992
7363,49991
7364,49910
7365,49907
7366,49903
7367,49901
7368,50046
7369,50043
7370,50041
7371,50040
7372,50031
7373,50034
7374,50027
7375,50025
7376,50011
7377,50008
7378,49811
7379,49808
7380,49801
7381,49797
7382,49796
7383,53206
7384,53196
7385,53194
7386,53225
7387,53223
7388,53232
7389,53228
7390,53227
7391,50078
7392,50075
7393,50074
7394,50097
7395,50095
7396,50093
7397,50112
7398,50099
7399,50092
7400,50091
7401,50086
7402,50084
7403,50072
7404,50114
7405,50104
7406,50146
7407,50151
7408,50143
7409,50154
7410,50158
7411,50140
7412,50138
7413,50167
7414,50165
7415,50162
7416,50136
7417,50176
7418,50175
7419,50183
7420,50182
7421,50180
7422,50173
7423,50255
7424,50257
7425,50253
7426,50251
7427,50247
7428,50243
7429,50242
7430,50265
7431,50262
7432,50260
7433,50238
7434,50268
7435,50236
7436,50235
7437,50233
7438,50270
7439,50231
7440,50219
7441,50213
7442,50216
7443,50211
7444,50209
7445,50202
7446,50226
7447,50223
7448,50199
7449,50287
7450,50291
7451,50283
7452,50281
7453,50293
7454,50278
7455,50297
7456,50308
7457,50314
7458,50305
7459,50303
7460,50302
7461,50323
7462,50321
7463,50277
7464,50193
7465,50192
7466,50189
7467,50330
7468,50327
7469,50334
7470,50364
7471,50361
7472,50357
7473,50356
7474,50350
7475,50353
7476,50348
7477,50338
7478,50337
7479,50399
7480,50391
7481,50396
7482,50388
7483,50398
7484,50374
7485,50383
7486,50372
7487,50419
7488,50418
7489,50417
7490,50413
7491,50424
7492,50423
7493,50401
7494,50442
7495,50447
7496,50446
7497,50434
7498,50432
7499,50426
7500,50425
7501,50463
7502,50460
7503,50461
7504,50458
7505,50457
7506,50110
7507,52300
7508,52304
7509,52293
7510,52307
7511,52288
7512,52285
7513,53262
7514,50130
7515,50127
7516,50126
7517,50119
7518,52342
7519,52354
7520,52343
7521,52352
7522,52340
7523,52333
7524,52328
7525,52324
7526,52319
7527,52318
7528,52316
7529,52350
7530,52312
7531,53266
7532,50489
7533,50490
7534,50775
7535,50768
7536,50796
7537,50785
7538,50806
7539,50783
7540,50831
7541,50886
7542,50917
7543,50879
7544,50877
7545,50929
7546,50920
7547,50998
7548,50996
7549,50994
7550,50989
7551,50988
7552,50985
7553,50984
7554,51008
7555,50979
7556,50977
7557,50963
7558,50962
7559,50961
7560,50958
7561,50975
7562,50955
7563,50954
7564,50952
7565,50951
7566,50949
7567,50965
7568,50948
7569,50967
7570,50943
7571,50941
7572,53307
7573,53306
7574,53290
7575,53285
7576,51022
7577,51042
7578,51119
7579,51118
7580,51109
7581,51115
7582,51107
7583,51103
7584,51102
7585,51101
7586,51124
7587,51126
7588,51122
7589,51100
7590,51094
7591,51099
7592,51097
7593,51140
7594,51138
7595,51148
7596,51135
7597,51134
7598,51131
7599,51128
7600,51160
7601,51157
7602,51154
7603,51151
7604,51180
7605,51169
7606,51192
7607,51196
7608,51191
7609,51189
7610,51186
7611,51206
7612,55709
7613,55769
7614,56301
7615,56286
7616,56293
7617,56316
7618,56283
7619,56256
7620,56259
7621,56277
7622,56281
7623,56266
7624,56280
7625,56271
7626,56359
7627,56358
7628,56355
7629,56347
7630,56379
7631,56375
7632,56364
7633,56361
7634,55783
7635,55796
7636,55802
7637,55794
7638,56458
7639,55772
7640,55805
7641,55810
7642,55813
7643,55809
7644,55806
7645,55808
7646,55836
7647,55834
7648,55818
7649,55847
7650,55871
7651,55900
7652,55897
7653,55888
7654,55889
7655,55890
7656,55885
7657,55886
7658,55881
7659,55883
7660,55880
7661,55884
7662,55919
7663,55915
7664,55908
7665,55909
7666,55910
7667,56160
7668,56153
7669,56134
7670,56138
7671,56139
7672,56150
7673,56151
7674,56147
7675,56144
7676,56142
7677,56154
7678,56143
7679,56157
7680,56158
7681,55936
7682,55941
7683,55940
7684,55938
7685,55930
7686,55926
7687,55929
7688,55932
7689,55928
7690,55943
7691,55944
7692,55947
7693,55948
7694,56198
7695,56193
7696,56223
7697,56216
7698,56187
7699,56188
7700,56442
7701,56177
7702,56169
7703,56208
7704,56209
7705,56178
7706,0
7707,0
7708,56228
7709,56183
7710,56128
7711,56122
7712,56117
7713,56123
7714,56119
7715,56124
7716,56231
7717,56175
7718,56213
7719,56207
7720,56186
7721,56239
7722,56240
7723,56112
7724,56235
7725,56243
7726,56085
7727,56091
7728,56092
7729,56098
7730,56094
7731,56093
7732,56083
7733,56081
7734,56106
7735,56114
7736,56110
7737,56113
7738,56111
7739,56071
7740,56054
7741,56055
7742,56056
7743,56068
7744,56070
7745,56073
7746,56060
7747,56076
7748,56063
7749,56074
7750,56065
7751,56066
7752,56075
7753,56077
7754,56078
7755,55954
7756,55952
7757,55951
7758,55331
7759,55329
7760,55361
7761,55342
7762,55363
7763,55365
7764,55370
7765,55345
7766,56447
7767,55346
7768,55373
7769,55366
7770,55335
7771,55358
7772,55353
7773,55356
7774,55380
7775,55392
7776,55382
7777,55381
7778,55385
7779,55391
7780,55389
7781,55387
7782,55393
7783,55394
7784,55417
7785,55410
7786,55416
7787,55413
7788,55409
7789,55412
7790,55405
7791,55411
7792,55400
7793,55471
7794,55470
7795,55462
7796,55461
7797,55450
7798,55439
7799,55452
7800,55436
7801,55451
7802,55437
7803,55453
7804,55447
7805,55446
7806,55438
7807,55481
7808,55482
7809,55517
7810,55512
7811,55521
7812,55496
7813,55492
7814,55494
7815,55493
7816,55500
7817,55499
7818,55488
7819,54397
7820,54399
7821,54400
7822,54395
7823,54393
7824,55421
7825,55420
7826,54486
7827,54487
7828,54461
7829,54465
7830,54473
7831,55533
7832,54441
7833,54471
7834,54444
7835,54447
7836,54422
7837,54425
7838,54416
7839,54419
7840,54423
7841,54408
7842,54404
7843,54407
7844,55431
7845,55550
7846,55557
7847,55543
7848,55560
7849,55564
7850,55546
7851,55556
7852,55563
7853,55593
7854,55587
7855,55576
7856,55584
7857,55574
7858,55571
7859,55582
7860,55603
7861,55594
7862,55595
7863,55598
7864,55601
7865,55599
7866,55610
7867,55606
7868,55605
7869,55611
7870,53829
7871,53857
7872,55618
7873,55619
7874,55624
7875,55617
7876,55630
7877,55627
7878,55622
7879,55631
7880,53858
7881,53860
7882,0
7883,53853
7884,53850
7885,53846
7886,53840
7887,53837
7888,53848
7889,53854
7890,53838
7891,53841
7892,53843
7893,53830
7894,53834
7895,53824
7896,53823
7897,53831
7898,53827
7899,53828
7900,53832
7901,53595
7902,53594
7903,53807
7904,53805
7905,53806
7906,54891
7907,54861
7908,54840
7909,0
7910,55319
7911,55318
7912,55323
7913,54844
7914,54851
7915,55301
7916,54839
7917,55311
7918,54831
7919,54826
7920,54807
7921,54816
7922,54821
7923,54824
7924,54822
7925,55300
7926,54784
7927,54787
7928,54795
7929,54799
7930,55324
7931,55291
7932,55997
7933,55981
7934,55982
7935,56008
7936,55993
7937,55992
7938,55991
7939,55996
7940,55990
7941,56002
7942,55281
7943,54773
7944,54763
7945,55215
7946,55266
7947,0
7948,55265
7949,55261
7950,55263
7951,55271
7952,55227
7953,55243
7954,55246
7955,55258
7956,55249
7957,55239
7958,55223
7959,55228
7960,55248
7961,55240
7962,55241
7963,55684
7964,54758
7965,55676
7966,55204
7967,55208
7968,55209
7969,55202
7970,55211
7971,55200
7972,55639
7973,55966
7974,55968
7975,55971
7976,55957
7977,53897
7978,53888
7979,53909
7980,53905
7981,53901
7982,53899
7983,53902
7984,53900
7985,55191
7986,55179
7987,55194
7988,55174
7989,55172
7990,55193
7991,55182
7992,55162
7993,55161
7994,55151
7995,55158
7996,55137
7997,55168
7998,53886
7999,53556
8000,53555
8001,0
8002,53516
8003,53519
8004,53525
8005,53525
8006,53528
8007,53532
8008,53538
8009,53557
8010,53558
8011,53867
8012,55120
8013,55110
8014,55119
8015,55129
8016,53986
8017,55059
8018,55060
8019,55061
8020,55071
8021,55057
8022,55056
8023,55070
8024,55078
8025,55076
8026,55082
8027,0
8028,55087
8029,55089
8030,55097
8031,55101
8032,53984
8033,53985
8034,55090
8035,53983
8036,55704
8037,55693
8038,55706
8039,55686
8040,55691
8041,53982
8042,55019
8043,55024
8044,53617
8045,53618
8046,54047
8047,54055
8048,54139
8049,54144
8050,54100
8051,54098
8052,54101
8053,54125
8054,54126
8055,54129
8056,54122
8057,54121
8058,54108
8059,54107
8060,54113
8061,54131
8062,54132
8063,54133
8064,54137
8065,53630
8066,53796
8067,53633
8068,53629
8069,53812
8070,53731
8071,53734
8072,53735
8073,53736
8074,53737
8075,53741
8076,53746
8077,53743
8078,53742
8079,54717
8080,54714
8081,54250
8082,54716
8083,54715
8084,54249
8085,54743
8086,54259
8087,54736
8088,54751
8089,54750
8090,54737
8091,54730
8092,53936
8093,56436
8094,53748
8095,53601
8096,53935
8097,53921
8098,54311
8099,54312
8100,54326
8101,54294
8102,54293
8103,54296
8104,54297
8105,54300
8106,54309
8107,54299
8108,53761
8109,53760
8110,53755
8111,54280
8112,54283
8113,54282
8114,54285
8115,54266
8116,53769
8117,0
8118,53775
8119,53779
8120,53784
8121,53771
8122,53785
8123,54147
8124,54159
8125,54155
8126,54331
8127,54350
8128,54349
8129,54376
8130,54377
8131,54356
8132,54353
8133,54355
8134,54351
8135,54334
8136,54335
8137,54357
8138,54383
8139,54385
8140,54382
8141,54373
8142,54374
8143,54379
8144,54360
8145,54362
8146,54169
8147,54992
8148,54993
8149,55033
8150,54165
8151,54930
8152,54938
8153,54961
8154,54966
8155,54957
8156,54937
8157,54972
8158,54958
8159,54942
8160,54952
8161,54983
8162,54987
8163,54986
8164,54949
8165,54974
8166,54951
8167,54959
8168,54963
8169,54906
8170,54924
8171,54900
8172,54905
8173,54904
8174,54911
8175,54916
8176,54919
8177,54910
8178,55003
8179,54995
8180,54997
8181,54236
8182,54220
8183,54237
8184,54235
8185,54212
8186,54225
8187,54232
8188,55005
8189,55006
8190,54241
8191,55007
8192,53585
8193,53583
8194,53586
8195,53584
8196,53593
8197,54042
8198,54041
8199,54038
8200,54037
8201,54579
8202,54578
8203,54580
8204,54581
8205,54592
8206,54594
8207,54593
8208,54605
8209,54598
8210,54602
8211,54621
8212,54595
8213,54597
8214,54601
8215,54616
8216,54615
8217,54611
8218,54613
8219,54612
8220,54606
8221,54591
8222,54624
8223,54623
8224,53697
8225,53691
8226,53690
8227,53646
8228,53643
8229,54688
8230,54683
8231,54669
8232,54676
8233,54670
8234,54650
8235,54657
8236,53723
8237,53711
8238,54645
8239,54644
8240,54639
8241,54631
8242,54627
8243,53708
8244,53709
8245,54711
8246,54710
8247,54701
8248,54698
8249,54709
8250,54695
8251,54577
8252,56385
8253,56406
8254,56400
8255,56396
8256,56395
8257,53657
8258,53660
8259,53564
8260,53570
8261,53961
8262,53963
8263,53959
8264,53949
8265,54025
8266,54026
8267,54575
8268,54034
8269,54519
8270,54550
8271,54549
8272,54551
8273,54546
8274,54547
8275,54537
8276,54533
8277,54538
8278,54494
8279,54493
8280,54512
8281,54007
8282,56041
